,Time Stamp,CH4 (ppm),C2H6 (ppb),R,C2/C1,ch4Enhcmt,totDist,length,lrate,npeaks,Latitude,Longitude,POLYGON,LEAKNUM,PolyLK,Unnamed: 0,win
0,07/23/2020 03:52:56.532,2.65955,1.867,0.985,0.011000000000000001,0.674,157.0,16,11.6,6,33.62001038,-86.66644287,P32,1,P32L0,0,True
1,07/23/2020 03:55:03.508,3.1204400000000003,1.172,0.981,0.006,1.135,139.8,8,20.7,3,33.62322617,-86.66812897,P32,2,P32L1,1,True
2,08/11/2020 22:04:29.110,2.15577,7.3229999999999995,0.9129999999999999,0.012,0.22899999999999998,281.0,16,9.5,2,33.62958527,-86.66613007,P32,3,P32L2,2,True
3,07/27/2020 21:59:47.401,3.49537,9.692,0.988,0.005,1.568,103.1,13,28.8,6,33.6241684,-86.66764069,P32,4,P32L3,3,True
4,07/27/2020 22:36:06.268,2.17391,14.687999999999999,0.976,0.025,0.247,176.0,25,1.9,2,33.61398315,-86.67837524,P32,5,P32L4,4,True
5,08/11/2020 22:02:16.707,3.1059,18.327,0.996,0.01,1.179,202.6,12,33.5,2,33.63997269,-86.65814209,P32,6,P32L5,5,True
6,07/23/2020 03:55:48.667,2.06445,-4.2860000000000005,0.8079999999999999,0.006999999999999999,0.138,119.9,7,0.8,1,33.63017654,-86.66567993,P32,7,P32L7,7,True
7,07/27/2020 21:53:08.860,2.01666,4.109,0.887,0.027999999999999997,0.059000000000000004,203.5,13,0.7,1,33.61124802,-86.68177795,P32,8,P32L8,8,True
8,07/27/2020 22:03:18.345,1.98365,0.807,0.882,0.005,0.064,119.7,7,0.5,1,33.6391983,-86.65877533,P32,9,P32L9,9,True
9,07/27/2020 22:17:31.644,2.42448,-1.093,0.9259999999999999,0.005,0.48100000000000004,130.4,20,3.5,1,33.64056778,-86.66087341,P32,10,P32L12,12,True
10,07/27/2020 22:19:16.092,2.0131900000000003,-1.097,0.9309999999999999,0.07200000000000001,0.079,129.2,17,0.5,1,33.64189148,-86.65657806,P32,11,P32L13,13,True
11,08/11/2020 21:47:34.633,2.25668,10.905,0.794,0.008,0.319,34.0,10,0.8,1,33.62252808,-86.66811371,P32,12,P32L15,15,True
12,08/11/2020 21:54:54.339,1.9696900000000002,8.804,0.772,0.054000000000000006,0.015,46.7,5,0.1,1,33.64816666,-86.65415192,P32,13,P32L16,16,True
13,08/11/2020 22:08:50.230,2.03098,5.792000000000001,0.885,0.069,0.109,114.6,9,1.4,1,33.62242508,-86.66993713,P32,14,P32L17,17,True
0,07/27/2020 23:27:12.944,2.0411200000000003,14.198,0.757,0.016,0.061,14.1,9,0.0,1,33.634708399999994,-86.66763306,P33,1,P33L2,2,True
1,07/27/2020 23:30:20.336,2.3311,15.556,0.9309999999999999,0.006,0.368,133.7,12,3.6,1,33.63472366,-86.66883087,P33,2,P33L3,3,True
2,08/11/2020 22:57:10.403,2.06651,-0.32799999999999996,0.9129999999999999,0.07200000000000001,0.061,82.5,8,0.6,1,33.63064194,-86.67378235,P33,3,P33L4,4,True
3,08/11/2020 22:59:49.123,2.0522099999999996,-0.7659999999999999,0.8029999999999999,0.059000000000000004,0.025,43.1,6,0.0,1,33.63017654,-86.67326355,P33,4,P33L5,5,True
4,08/11/2020 23:01:26.505,2.05214,-0.9,0.9129999999999999,0.042,0.052000000000000005,51.6,12,0.2,1,33.63112259,-86.67150116,P33,5,P33L6,6,True
5,08/11/2020 23:03:25.289,2.09064,-0.932,0.795,0.040999999999999995,0.09,18.2,8,0.0,1,33.63006592,-86.6727066,P33,6,P33L7,7,True
6,08/11/2020 23:03:52.937,2.08866,-1.72,0.753,0.012,0.08800000000000001,54.9,7,0.2,1,33.63028336,-86.67234039,P33,7,P33L8,8,True
7,08/11/2020 23:12:57.910,2.30288,1.969,0.777,0.006,0.258,95.3,6,3.0,1,33.63848114,-86.66869354,P33,8,P33L9,9,True
8,08/11/2020 23:14:36.419,2.21303,3.307,0.9640000000000001,0.025,0.16399999999999998,41.6,8,0.5,1,33.63912582,-86.66616058,P33,9,P33L10,10,True
9,08/11/2020 23:31:59.260,2.11409,6.292999999999999,0.898,0.085,0.053,58.3,11,0.2,1,33.63212967,-86.67543793,P33,10,P33L13,13,True
10,08/20/2020 23:34:02.934,1.98784,7.675,0.981,0.079,0.05,204.1,22,0.6,1,33.636680600000005,-86.67147827,P33,11,P33L15,15,True
11,08/20/2020 23:58:25.820,1.96317,6.17,0.8390000000000001,0.051,0.015,49.2,5,0.1,1,33.63095093,-86.67111206,P33,12,P33L16,16,True
0,07/28/2020 00:29:32.592,3.58566,8.86,0.9670000000000001,0.003,1.594,165.4,19,24.9,5,33.64191818,-86.66075134,P34,1,P34L0,0,True
1,07/28/2020 00:47:50.524,2.5791,3.7689999999999997,0.894,0.004,0.573,127.5,14,5.9,3,33.64457321,-86.68061829,P34,2,P34L1,1,True
2,08/12/2020 00:15:24.009,2.3090599999999997,9.043,0.92,0.016,0.261,37.0,11,1.8,2,33.64564514,-86.68057251,P34,3,P34L2,2,True
3,08/11/2020 23:50:39.312,2.1223799999999997,9.6,0.846,0.06,0.073,102.9,12,0.6,2,33.63981628,-86.67071533,P34,4,P34L3,3,True
4,08/11/2020 23:52:06.352,2.16466,6.535,0.765,0.005,0.134,89.3,6,1.5,2,33.64012909,-86.67221832,P34,5,P34L4,4,True
5,08/11/2020 23:52:23.760,4.11483,16.182000000000002,0.99,0.005,2.084,197.7,14,71.5,3,33.63996506,-86.66960144,P34,6,P34L5,5,True
6,08/11/2020 23:57:29.219,2.15922,5.867999999999999,0.773,0.064,0.07200000000000001,2.1,5,0.0,2,33.64203644,-86.66570282,P34,7,P34L6,6,True
7,08/12/2020 00:07:49.148,2.14908,7.002999999999999,0.8370000000000001,0.032,0.08800000000000001,80.9,11,1.0,2,33.64536285,-86.67827606,P34,8,P34L7,7,True
8,08/21/2020 00:31:01.865,2.24149,2.415,0.812,0.006999999999999999,0.24100000000000002,85.6,11,1.4,2,33.64199829,-86.6789093,P34,9,P34L8,8,True
9,07/28/2020 00:19:49.731,1.9958900000000002,9.115,0.804,0.015,0.006,62.3,5,0.1,1,33.63836288,-86.68231964,P34,10,P34L9,9,True
10,07/28/2020 00:26:32.368,2.07712,4.809,0.7340000000000001,0.005,0.106,62.9,5,0.5,1,33.63973236,-86.66915894,P34,11,P34L10,10,True
11,07/28/2020 00:43:24.284,2.4815,3.563,0.853,0.005,0.495,67.9,5,3.5,1,33.64028168,-86.68189240000001,P34,12,P34L12,12,True
12,07/28/2020 00:53:04.892,2.1819,3.125,0.79,0.006999999999999999,0.19399999999999998,62.2,6,0.8,1,33.64024353,-86.68022919,P34,13,P34L13,13,True
13,08/11/2020 23:54:48.348,2.65971,10.569,0.9159999999999999,0.01,0.616,112.9,9,13.5,1,33.64193344,-86.66631317,P34,14,P34L15,15,True
14,08/11/2020 23:56:31.772,2.8165400000000003,12.064,0.953,0.01,0.773,84.2,7,7.8,1,33.64196014,-86.66519165,P34,15,P34L16,16,True
15,08/11/2020 23:59:51.555,2.33892,10.042,0.973,0.015,0.298,105.2,16,3.2,1,33.64126205,-86.6732254,P34,16,P34L17,17,True
16,08/12/2020 00:06:03.472,2.18696,7.837000000000001,0.845,0.026000000000000002,0.128,58.2,5,1.1,1,33.64476776,-86.67736053,P34,17,P34L18,18,True
17,08/12/2020 00:06:42.384,2.18302,8.02,0.9279999999999999,0.032,0.11800000000000001,74.5,12,0.7,1,33.64422226,-86.67734528,P34,18,P34L19,19,True
18,08/12/2020 00:10:03.497,2.16151,5.39,0.7509999999999999,0.016,0.11900000000000001,81.6,7,1.2,1,33.6447525,-86.68203735,P34,19,P34L20,20,True
19,08/12/2020 00:13:07.817,2.53241,7.662999999999999,0.86,0.006,0.49200000000000005,158.0,16,13.5,1,33.64462662,-86.67939758,P34,20,P34L21,21,True
0,06/24/2020 23:27:28.640,1.9983099999999998,4.6530000000000005,0.924,0.021,0.122,7.4,21,0.1,3,33.6399498,-86.61437988,P6,0,P6L0,0,
1,06/24/2020 23:41:24.838,3.4415400000000003,9.604,0.998,0.008,1.5390000000000001,190.6,22,12.9,2,33.68299484,-86.62095642,P6,1,P6L1,1,
2,06/25/2020 01:12:53.273,2.41266,17.304000000000002,0.987,0.012,0.535,328.5,22,13.6,2,33.69768524,-86.61309814,P6,2,P6L2,2,
3,07/20/2020 23:15:36.752,2.56509,0.16399999999999998,0.955,0.008,0.58,301.7,18,17.1,3,33.70560455,-86.60807037,P6,3,P6L3,3,
4,06/25/2020 01:16:45.926,3.7298400000000003,24.057,0.998,0.009000000000000001,1.849,175.7,18,30.2,2,33.69096375,-86.62664795,P6,4,P6L4,4,
5,07/20/2020 22:18:57.174,2.2883,6.5360000000000005,0.981,0.011000000000000001,0.35200000000000004,170.5,19,4.9,2,33.68420792,-86.59925842,P6,5,P6L5,5,
6,06/24/2020 23:12:59.059,2.0132,5.11,0.98,0.085,0.08,48.0,32,0.3,1,33.64469147,-86.60262299,P6,6,P6L6,6,
7,06/24/2020 23:33:08.915,1.8835400000000002,6.2010000000000005,0.856,0.07,0.01,123.4,7,0.1,1,33.64774704,-86.6325531,P6,7,P6L7,7,
8,06/24/2020 23:55:32.096,1.9314,7.045,0.893,0.073,0.019,88.9,10,0.0,1,33.67608643,-86.61362457,P6,8,P6L8,8,
9,06/24/2020 23:56:41.728,1.91642,5.367999999999999,0.792,0.048,0.012,10.7,7,0.1,1,33.68012238,-86.61462402,P6,9,P6L9,9,
10,06/25/2020 00:33:42.374,1.96071,9.872,0.8340000000000001,0.013000000000000001,0.087,67.3,9,0.1,1,33.67350006,-86.58868408,P6,10,P6L10,10,
11,06/25/2020 00:53:31.545,3.6244,7.183,0.991,0.005,1.7309999999999999,193.9,17,52.6,1,33.71308899,-86.6219635,P6,11,P6L11,11,
12,06/25/2020 01:08:09.420,2.20151,7.521,0.9309999999999999,0.015,0.324,311.9,20,9.9,1,33.70458984,-86.60411072,P6,12,P6L12,12,
13,06/25/2020 01:09:39.532,2.34553,13.277000000000001,0.914,0.01,0.444,246.2,17,4.2,1,33.69856644,-86.60898590000002,P6,13,P6L13,13,
14,06/25/2020 01:13:27.168,2.12683,11.51,0.848,0.012,0.249,227.4,14,4.5,1,33.69421768,-86.61663055,P6,14,P6L14,14,
15,06/25/2020 01:14:13.350,2.22912,11.681,0.9420000000000001,0.01,0.35200000000000004,189.3,12,5.4,1,33.69033051,-86.62141418,P6,15,P6L15,15,
16,06/25/2020 01:18:03.750,1.9334,7.754,0.765,0.011000000000000001,0.05,43.0,5,0.1,1,33.69134521,-86.62870026,P6,16,P6L16,16,
17,06/25/2020 01:18:31.398,3.1360200000000003,20.866999999999997,0.997,0.011000000000000001,1.247,156.1,12,27.4,1,33.69039154,-86.62908173,P6,17,P6L17,17,
18,06/25/2020 01:27:50.707,1.9201099999999998,-1.2770000000000001,0.721,0.009000000000000001,0.044000000000000004,79.1,5,0.3,1,33.68862152,-86.6217041,P6,18,P6L18,18,
19,06/25/2020 01:31:50.425,2.32998,0.83,0.8959999999999999,0.006999999999999999,0.446,207.0,11,9.3,1,33.65844727,-86.64303589,P6,19,P6L19,19,
20,07/20/2020 22:06:25.968,2.04999,12.198,0.996,0.081,0.187,4581.9,8,0.1,1,33.69073486,-86.62015533,P6,20,P6L20,20,
21,07/20/2020 22:08:12.464,2.05927,12.014000000000001,0.764,0.019,0.196,117.4,7,5.4,1,33.69804764,-86.61226654,P6,21,P6L21,21,
22,07/20/2020 23:10:16.035,2.03627,1.218,0.852,0.06,0.008,52.3,7,0.1,1,33.71040726,-86.62779999,P6,22,P6L22,22,
23,07/20/2020 23:11:45.123,2.01612,-0.5,0.879,0.062,0.03,55.3,5,0.1,1,33.70700073,-86.63384247,P6,23,P6L23,23,
24,07/07/2020 01:21:18.155,5.12269,16.485,0.9990000000000001,0.006999999999999999,3.201,297.4,25,22.3,5,33.64569855,-86.69187164,P24,0,P24L0,24,
25,07/11/2020 01:49:27.963,2.77105,16.48,0.977,0.008,0.8170000000000001,151.4,18,13.7,2,33.64844894,-86.69055176,P24,1,P24L1,25,
26,07/11/2020 01:31:20.168,2.1504,0.6890000000000001,0.8740000000000001,0.011000000000000001,0.156,176.6,16,2.9,2,33.64490509,-86.69421387,P24,2,P24L2,26,
27,07/09/2020 02:51:11.905,2.87995,1.276,0.9690000000000001,0.008,0.625,133.5,13,9.5,2,33.63854599,-86.68863678,P24,3,P24L3,27,
28,07/07/2020 00:59:04.600,2.03493,-4.301,0.807,0.013000000000000001,0.10300000000000001,28.8,7,0.0,1,33.64944839,-86.69602203,P24,4,P24L4,28,
29,07/07/2020 01:01:59.089,1.9481700000000002,-5.405,0.7440000000000001,0.025,0.018000000000000002,48.1,5,0.1,1,33.64375305,-86.70781708,P24,5,P24L5,29,
30,07/07/2020 01:36:13.438,1.93346,-6.447,0.892,0.091,0.013999999999999999,82.9,7,0.1,1,33.64161682,-86.68733978,P24,6,P24L6,30,
31,07/07/2020 01:41:19.614,1.9605099999999998,-1.735,0.935,0.081,0.057999999999999996,116.1,9,0.5,1,33.63938522,-86.68372345,P24,7,P24L7,31,
32,07/09/2020 02:16:22.331,2.4235,0.91,0.987,0.01,0.502,643.9,8,1.5,1,33.64568329,-86.68006897,P24,8,P24L8,32,
33,07/09/2020 02:19:39.246,2.3226299999999998,0.785,0.848,0.02,0.033,65.5,5,0.4,1,33.65043259,-86.68323517,P24,9,P24L9,33,
34,07/09/2020 02:25:07.233,2.34058,1.112,0.74,0.01,0.11800000000000001,38.7,5,0.9,1,33.64560699,-86.69306946,P24,10,P24L10,34,
35,07/09/2020 02:32:59.912,2.64519,0.655,0.84,0.011000000000000001,0.385,170.3,10,10.5,1,33.64460754,-86.70862579,P24,11,P24L11,35,
36,07/09/2020 02:43:41.038,2.35935,-0.532,0.835,0.027999999999999997,0.09300000000000001,82.2,9,0.8,1,33.64339066,-86.69467163,P24,12,P24L12,36,
37,07/09/2020 03:00:22.612,2.63565,-0.04,0.8,0.005,0.278,163.2,18,3.4,1,33.64325333,-86.68529511,P24,13,P24L13,37,
38,07/09/2020 03:03:15.771,2.39752,1.597,0.8190000000000001,0.095,0.039,51.4,7,0.4,1,33.64300156,-86.68733978,P24,14,P24L14,38,
39,07/09/2020 03:11:46.337,2.70344,3.4,0.815,0.005,0.4,130.2,12,5.6,1,33.64207459,-86.68888092,P24,15,P24L15,39,
40,07/09/2020 03:18:39.009,2.8104400000000003,7.94,0.9570000000000001,0.011000000000000001,0.45,220.9,12,7.7,1,33.650383000000005,-86.66543579,P24,16,P24L16,40,
41,07/11/2020 01:21:50.516,2.18614,0.633,0.83,0.036000000000000004,0.078,105.0,21,0.9,1,33.64137268,-86.71153259,P24,17,P24L17,41,
42,07/11/2020 01:34:03.086,2.1463900000000002,5.207000000000002,0.8759999999999999,0.026000000000000002,0.14,184.0,13,3.8,1,33.63987732,-86.69228363,P24,18,P24L18,42,
43,07/11/2020 02:00:18.305,2.01765,0.419,0.8540000000000001,0.019,0.09,110.0,12,1.1,1,33.64927673,-86.69306183,P24,19,P24L19,43,
44,07/11/2020 02:09:42.120,2.6802,2.9,0.971,0.006,0.742,156.3,20,15.8,1,33.64209747,-86.68932343,P24,20,P24L20,44,
45,07/18/2020 21:44:17.812,3.9516699999999996,15.089,0.996,0.006,2.032,85.4,14,16.6,5,33.65302277,-86.67773438,P25,0,P25L0,45,
46,07/14/2020 00:39:26.019,2.95182,21.469,0.988,0.008,0.9420000000000001,219.2,14,30.4,5,33.6456871,-86.6809082,P25,1,P25L1,46,
47,07/14/2020 00:21:18.428,2.6486099999999997,7.423999999999999,0.9740000000000001,0.009000000000000001,0.643,209.0,18,11.9,3,33.64757156,-86.68054199,P25,2,P25L2,47,
48,07/18/2020 21:17:29.211,2.42424,11.693,0.973,0.008,0.479,261.7,25,17.6,3,33.64704132,-86.67832184,P25,3,P25L3,48,
49,07/14/2020 00:38:36.867,3.2437099999999996,22.853,0.9890000000000001,0.006999999999999999,1.234,107.1,10,21.9,2,33.64639664,-86.67357636,P25,4,P25L4,49,
50,07/18/2020 21:35:39.156,2.37372,15.509,0.8809999999999999,0.005,0.386,256.8,16,7.6,1,33.64568329,-86.68138123,P25,5,P25L5,50,
51,07/15/2020 23:52:48.710,2.39837,2.713,0.981,0.011000000000000001,0.45799999999999996,181.9,19,5.3,2,33.65421295,-86.66904449,P25,6,P25L6,51,
52,07/16/2020 00:01:45.491,4.13969,8.573,0.997,0.006999999999999999,2.19,161.2,20,43.0,6,33.65369034,-86.67127991,P25,7,P25L7,52,
53,07/16/2020 00:04:31.379,2.49562,2.9589999999999996,0.9790000000000001,0.011000000000000001,0.5670000000000001,218.7,22,7.2,3,33.66133499,-86.67314148,P25,8,P25L8,53,
54,07/15/2020 23:31:03.827,2.24122,6.0729999999999995,0.955,0.013999999999999999,0.264,176.4,19,6.0,2,33.64870834,-86.67584991,P25,9,P25L9,54,
55,07/15/2020 23:32:29.843,2.17786,7.152,0.9390000000000001,0.016,0.201,161.6,16,2.9,3,33.64573288,-86.67501068,P25,10,P25L10,55,
56,07/15/2020 23:43:55.001,2.47147,7.475,0.977,0.013000000000000001,0.515,282.2,17,8.2,2,33.65131760000001,-86.67904663,P25,11,P25L11,56,
57,07/16/2020 00:06:41.427,2.09538,-1.2429999999999999,0.898,0.017,0.161,139.9,15,1.4,2,33.65028381,-86.67227173,P25,12,P25L12,57,
58,07/18/2020 21:33:08.628,2.3155200000000002,15.613,0.912,0.006999999999999999,0.33399999999999996,199.5,18,3.3,2,33.6478157,-86.67149353,P25,13,P25L13,58,
59,07/18/2020 22:16:59.592,2.00365,3.676,0.9009999999999999,0.08800000000000001,0.064,83.4,8,0.6,2,33.64884949,-86.66960907,P25,14,P25L14,59,
60,07/14/2020 00:01:12.464,2.61735,2.0669999999999997,0.96,0.008,0.24600000000000002,334.2,21,4.4,1,33.66630173,-86.66742706,P25,15,P25L15,60,
61,07/14/2020 00:04:40.336,2.0144,-0.5579999999999999,0.767,0.037000000000000005,0.035,38.9,6,0.1,1,33.65127563,-86.67364502,P25,16,P25L16,61,
62,07/14/2020 00:08:50.396,2.04084,1.534,0.763,0.09,0.059000000000000004,20.0,6,0.2,1,33.65383148,-86.67549133,P25,17,P25L17,62,
63,07/14/2020 00:17:15.638,2.3300799999999997,4.354,0.953,0.01,0.319,294.8,19,13.2,1,33.65109634,-86.67980957,P25,18,P25L18,63,
64,07/14/2020 00:19:19.542,2.0598400000000003,5.8870000000000005,0.9440000000000001,0.1,0.054000000000000006,14.6,6,0.1,1,33.65104294,-86.68330383,P25,19,P25L19,64,
65,07/14/2020 00:33:55.267,3.25085,18.416,0.98,0.005,1.248,253.8,24,23.1,1,33.65097046,-86.67568207,P25,20,P25L20,65,
66,07/14/2020 00:48:24.336,2.56153,16.392,0.9690000000000001,0.008,0.589,119.5,21,4.4,1,33.65398407,-86.67015839,P25,21,P25L21,66,
67,07/14/2020 00:55:56.227,2.04126,9.709,0.7190000000000001,0.011000000000000001,0.07200000000000001,44.6,5,0.3,1,33.65076065,-86.67112732,P25,22,P25L22,67,
68,07/15/2020 23:37:28.953,2.0659799999999997,2.546,0.77,0.009000000000000001,0.098,68.1,9,0.4,1,33.64902878,-86.67829132,P25,23,P25L23,68,
69,07/15/2020 23:48:08.032,2.07151,2.101,0.8340000000000001,0.02,0.115,87.1,11,1.2,1,33.6534729,-86.66579437,P25,24,P25L24,69,
70,07/15/2020 23:49:46.336,2.07125,0.513,0.792,0.017,0.115,64.1,5,1.1,1,33.65399933,-86.66580963,P25,25,P25L25,70,
71,07/15/2020 23:55:29.478,2.04838,-0.732,0.87,0.013999999999999999,0.111,75.2,8,0.5,1,33.65431595,-86.66994476,P25,26,P25L26,71,
72,07/16/2020 00:11:06.028,2.0737,1.192,0.955,0.018000000000000002,0.14400000000000002,212.9,18,2.9,1,33.65118027,-86.67613983,P25,27,P25L27,72,
73,07/16/2020 00:20:05.369,1.9766,4.917,0.7609999999999999,0.017,0.018000000000000002,51.0,5,0.1,1,33.65109634,-86.68225861,P25,28,P25L28,73,
74,07/18/2020 21:20:27.387,2.01666,11.335999999999999,0.9229999999999999,0.099,0.057999999999999996,77.7,11,0.4,1,33.64629364,-86.67498016,P25,29,P25L29,74,
75,07/18/2020 21:53:32.001,1.9825400000000002,7.2639999999999985,0.772,0.055,0.019,50.0,6,0.1,1,33.66254044,-86.67045593,P25,30,P25L30,75,
76,07/18/2020 22:18:47.214,2.04296,0.175,0.8190000000000001,0.028999999999999998,0.087,11.9,5,0.1,1,33.64517975,-86.67331696,P25,31,P25L31,76,
77,07/14/2020 02:06:35.996,2.1734299999999998,1.571,0.7909999999999999,0.006,0.075,109.0,7,0.3,2,33.61377335,-86.69168854,P26,0,P26L0,77,
78,07/18/2020 22:50:05.537,3.13614,17.129,0.988,0.008,1.205,210.8,18,28.1,4,33.61897659,-86.70542145,P26,1,P26L1,78,
79,07/15/2020 22:09:45.184,3.7608599999999996,21.947,0.991,0.005,1.7919999999999998,272.3,23,98.5,5,33.61512375,-86.69971466,P26,2,P26L2,79,
80,07/15/2020 22:46:02.720,2.69949,16.847,0.883,0.003,0.732,155.8,9,19.1,2,33.61360168,-86.69036865,P26,3,P26L3,80,
81,07/15/2020 21:59:20.134,2.00261,18.951,0.9570000000000001,0.077,0.06,0.4,40,0.1,2,33.61348724,-86.68754578,P26,4,P26L4,81,
82,07/14/2020 02:06:19.612,2.91568,6.9239999999999995,0.9620000000000001,0.008,0.8170000000000001,94.8,16,7.6,1,33.61393356,-86.68984985,P26,5,P26L5,82,
83,07/14/2020 02:15:50.390,2.26654,0.39,0.795,0.006999999999999999,0.20800000000000002,61.2,6,0.9,1,33.6156044,-86.70702362,P26,6,P26L6,83,
84,07/14/2020 02:19:56.355,2.1646,-1.5,0.8029999999999999,0.018000000000000002,0.1,28.6,8,0.2,1,33.61795807,-86.69664001,P26,7,P26L7,84,
85,07/14/2020 02:24:13.379,2.10127,6.7570000000000014,0.778,0.013999999999999999,0.043,139.7,10,0.4,1,33.61160278,-86.70001984,P26,8,P26L8,85,
86,07/14/2020 02:35:54.000,2.09323,10.987,0.8340000000000001,0.003,0.073,68.1,6,0.6,1,33.60942078,-86.69738007,P26,9,P26L9,86,
87,07/14/2020 02:40:10.000,2.7061599999999997,14.356,0.978,0.006999999999999999,0.6459999999999999,181.2,21,13.8,1,33.61109924,-86.69863129,P26,10,P26L10,87,
88,07/14/2020 02:47:01.648,2.05483,-3.866,0.885,0.023,0.032,79.8,7,0.2,1,33.60788345,-86.69626617,P26,11,P26L11,88,
89,07/15/2020 22:04:14.022,1.96344,12.618,0.754,0.09300000000000001,0.025,62.0,5,0.1,1,33.61407089,-86.69272614,P26,12,P26L12,89,
90,07/15/2020 22:10:04.640,2.02847,10.822000000000001,0.777,0.016,0.06,91.1,8,0.1,1,33.61724091,-86.70041656,P26,13,P26L13,90,
91,07/15/2020 22:22:20.076,2.11715,3.688,0.818,0.008,0.185,142.7,11,1.7,1,33.61231995,-86.70114136,P26,14,P26L14,91,
92,07/15/2020 22:24:38.316,1.99862,3.793,0.92,0.052000000000000005,0.054000000000000006,47.3,5,0.2,1,33.6114769,-86.70080566,P26,15,P26L15,92,
93,07/15/2020 22:26:31.980,1.99668,4.4430000000000005,0.917,0.083,0.043,211.8,17,0.7,1,33.61305237,-86.70278168,P26,16,P26L16,93,
94,07/15/2020 22:41:40.576,2.11048,9.281,0.858,0.011000000000000001,0.163,166.9,12,1.7,1,33.60934829999999,-86.69306946,P26,17,P26L17,94,
95,07/15/2020 22:42:00.032,2.2570099999999997,10.762,0.925,0.008,0.307,146.4,15,3.2,1,33.60824203,-86.69520569,P26,18,P26L18,95,
96,07/18/2020 22:33:23.860,2.06282,8.02,0.925,0.048,0.096,79.0,10,1.1,1,33.61985016,-86.6884079,P26,19,P26L19,96,
97,07/18/2020 22:33:41.268,2.13273,7.879,0.863,0.011000000000000001,0.166,173.7,11,2.2,1,33.61762619,-86.68852997,P26,20,P26L20,97,
98,07/19/2020 00:08:22.728,2.28538,6.645,0.883,0.006,0.313,88.5,18,2.4,2,33.62729263,-86.70088196,P27,0,P27L0,98,
99,07/19/2020 00:31:52.468,2.62551,2.468,0.9640000000000001,0.006,0.654,102.9,15,3.3,2,33.63270569,-86.70128632,P27,1,P27L1,99,
100,07/15/2020 02:03:45.796,2.3858200000000003,10.08,0.865,0.008,0.36,78.1,15,1.7,2,33.63375473,-86.70087433,P27,2,P27L2,100,
101,07/15/2020 02:08:52.075,2.21345,10.446,0.7859999999999999,0.011000000000000001,0.185,105.4,12,2.1,3,33.63179016,-86.69442749,P27,3,P27L3,101,
102,07/22/2020 01:06:15.254,2.04509,4.94,0.951,0.064,0.094,85.0,18,1.0,2,33.63174057,-86.69685364,P27,4,P27L4,102,
103,07/15/2020 01:32:47.544,2.71754,1.7619999999999998,0.9440000000000001,0.006,0.6829999999999999,123.3,17,5.4,1,33.63223648,-86.69340515,P27,5,P27L5,103,
104,07/15/2020 01:35:35.480,2.05934,0.396,0.8340000000000001,0.03,0.051,94.6,13,0.2,1,33.63396835,-86.69786072,P27,6,P27L6,104,
105,07/15/2020 01:47:14.974,2.07313,15.987,0.73,0.033,0.026000000000000002,52.5,5,0.1,1,33.62729263,-86.70252228,P27,7,P27L7,105,
106,07/15/2020 01:56:40.529,2.20947,8.824,0.7709999999999999,0.012,0.192,67.9,6,1.8,1,33.630786900000004,-86.69714355,P27,8,P27L8,106,
107,07/15/2020 02:09:21.771,2.44919,13.505,0.941,0.01,0.389,157.0,18,4.1,1,33.63172531,-86.69590759,P27,9,P27L9,107,
108,07/18/2020 23:44:17.659,2.1204400000000003,11.167,0.799,0.006,0.153,121.5,10,0.6,1,33.62625504,-86.69694519,P27,10,P27L10,108,
109,07/18/2020 23:47:46.555,2.2962599999999997,12.183,0.763,0.004,0.34700000000000003,201.6,14,4.3,1,33.61985397,-86.69922638,P27,11,P27L11,109,
110,07/19/2020 00:09:08.808,1.9910700000000001,5.239,0.8270000000000001,0.009000000000000001,0.019,14.1,6,0.1,1,33.62869644,-86.69972992,P27,12,P27L12,110,
111,07/19/2020 00:09:17.000,2.1332400000000002,5.664,0.757,0.009000000000000001,0.161,119.7,10,2.0,1,33.62903595,-86.69894409,P27,13,P27L13,111,
112,07/19/2020 00:28:23.572,2.0731900000000003,0.26899999999999996,0.807,0.012,0.10300000000000001,70.9,10,0.5,1,33.62908936,-86.7036438,P27,14,P27L14,112,
113,07/19/2020 00:30:03.924,2.03567,-1.216,0.754,0.01,0.066,61.3,5,0.2,1,33.63077927,-86.70342255,P27,15,P27L15,113,
114,07/19/2020 00:41:25.294,3.23707,5.332999999999998,0.987,0.005,1.276,155.5,18,24.4,1,33.62809372,-86.69661713,P27,16,P27L16,114,
115,07/22/2020 00:50:55.190,2.2894400000000004,9.859,0.92,0.008,0.34,0.4,14,0.1,1,33.62531281,-86.68681335,P27,17,P27L17,115,
116,07/22/2020 01:06:33.686,2.02766,6.021,0.9359999999999999,0.065,0.077,75.8,9,0.3,1,33.63237,-86.69763184,P27,18,P27L18,116,
117,07/19/2020 01:48:35.963,4.43308,11.155999999999999,0.997,0.005,2.454,280.0,24,28.9,6,33.62434769,-86.68717194,P28,0,P28L0,117,
118,07/14/2020 23:27:34.456,2.86963,7.854,0.986,0.006999999999999999,0.87,171.6,18,10.9,4,33.62331009,-86.69120789,P28,1,P28L1,118,
119,07/14/2020 23:39:29.617,3.45683,3.997,0.991,0.004,1.443,191.3,21,43.1,2,33.62065506,-86.69376373,P28,2,P28L2,119,
120,07/19/2020 01:56:04.577,2.83872,9.606,0.963,0.008,0.84,173.9,12,31.4,3,33.61411667,-86.6895752,P28,3,P28L3,120,
121,07/19/2020 01:50:19.387,2.45288,2.9189999999999996,0.9470000000000001,0.008,0.474,301.6,17,12.2,2,33.61775589,-86.68854523,P28,4,P28L4,121,
122,07/19/2020 01:47:09.947,6.40911,20.859,0.9990000000000001,0.005,4.396,185.4,13,46.6,5,33.62015152,-86.68718719,P28,5,P28L5,122,
123,07/22/2020 00:24:56.150,2.8260099999999997,4.723,0.94,0.003,0.828,135.1,13,14.5,1,33.61962509,-86.68714905,P28,6,P28L6,123,
124,07/19/2020 01:20:33.940,2.13314,5.5089999999999995,0.976,0.064,0.14800000000000002,319.2,28,11.7,3,33.6188736,-86.69554138,P28,7,P28L7,124,
125,07/19/2020 01:33:30.235,4.50249,17.502,0.995,0.006999999999999999,2.535,145.6,18,32.2,3,33.61834335,-86.68871307,P28,8,P28L8,125,
126,07/19/2020 01:43:37.979,2.10392,-0.634,0.818,0.011000000000000001,0.132,92.7,7,1.9,2,33.621650700000004,-86.68994904,P28,9,P28L9,126,
127,07/19/2020 01:43:28.763,2.2321400000000002,-0.251,0.795,0.006999999999999999,0.26,138.7,11,8.8,4,33.62163925,-86.69126129,P28,10,P28L10,127,
128,07/22/2020 00:17:45.763,2.89628,6.529,0.9390000000000001,0.004,0.8759999999999999,158.2,15,11.3,2,33.60844421,-86.68926239,P28,11,P28L11,128,
129,07/19/2020 02:01:07.374,3.5499199999999997,13.299000000000001,0.992,0.006999999999999999,1.561,123.3,12,18.4,2,33.62097168,-86.69176483,P28,12,P28L12,129,
130,07/14/2020 23:19:24.984,2.97681,13.806,0.9670000000000001,0.006,0.9209999999999999,215.5,15,15.6,1,33.63186646,-86.67778015,P28,13,P28L13,130,
131,07/14/2020 23:57:28.606,2.1375599999999997,8.341000000000001,0.988,0.065,0.128,20.3,10,0.2,1,33.61433792,-86.68809509,P28,14,P28L14,131,
132,07/14/2020 23:58:09.566,2.14142,2.148,0.884,0.013000000000000001,0.127,228.1,13,1.8,1,33.61029434,-86.68836212,P28,15,P28L15,132,
133,07/15/2020 00:10:38.417,2.31013,1.8159999999999998,0.813,0.006999999999999999,0.29600000000000004,141.3,14,1.9,1,33.61548996,-86.68991852,P28,16,P28L16,133,
134,07/15/2020 00:12:26.961,2.0385400000000002,0.872,0.784,0.023,0.027000000000000003,67.1,6,0.0,1,33.61791992,-86.69006348,P28,17,P28L17,134,
135,07/15/2020 00:13:29.425,2.53045,3.888,0.9329999999999999,0.006,0.519,170.4,15,12.7,1,33.61363602,-86.69115448,P28,18,P28L18,135,
136,07/15/2020 00:17:04.465,2.1667099999999997,1.8019999999999998,0.847,0.006,0.147,69.5,8,0.9,1,33.61738968,-86.6860199,P28,19,P28L19,136,
137,07/15/2020 00:23:52.529,2.09496,1.87,0.83,0.031,0.055999999999999994,87.0,8,0.3,1,33.61966705,-86.68979645,P28,20,P28L20,137,
138,07/19/2020 01:11:16.884,6.15829,18.33,0.998,0.004,4.18,310.2,28,56.8,1,33.61503983,-86.69955444,P28,21,P28L21,138,
139,07/19/2020 01:22:14.292,2.18356,0.27899999999999997,0.887,0.011000000000000001,0.193,105.9,14,2.8,1,33.61969757,-86.69431305,P28,22,P28L22,139,
140,07/19/2020 01:35:01.371,2.11068,0.745,0.898,0.015,0.141,60.3,11,0.9,1,33.61835098,-86.68947601,P28,23,P28L23,140,
141,07/19/2020 01:45:55.195,2.13742,-0.247,0.778,0.011000000000000001,0.142,38.4,10,0.3,1,33.61870193,-86.68553925,P28,24,P28L24,141,
142,07/21/2020 23:38:46.128,2.0929900000000004,2.146,0.738,0.024,0.064,26.9,5,0.1,1,33.62217331,-86.69248199,P28,25,P28L25,142,
143,07/21/2020 23:44:41.763,2.40243,3.301,0.9470000000000001,0.005,0.38,116.7,15,3.8,1,33.62642288,-86.69683838,P28,26,P28L26,143,
144,07/21/2020 23:48:30.115,2.08812,4.228,0.882,0.052000000000000005,0.055999999999999994,120.5,16,0.4,1,33.62109756,-86.69304657,P28,27,P28L27,144,
145,07/22/2020 00:11:18.486,2.31613,5.05,0.769,0.006999999999999999,0.315,138.8,13,4.0,1,33.61358643,-86.69039154,P28,28,P28L28,145,
146,07/22/2020 00:14:37.347,2.09875,3.903,0.7509999999999999,0.013000000000000001,0.083,23.0,5,0.2,1,33.61847305,-86.69004822,P28,29,P28L29,146,
147,07/22/2020 00:24:41.814,2.45509,5.027,0.9,0.005,0.457,59.9,6,2.0,1,33.62018204,-86.68774414,P28,30,P28L30,147,
148,07/21/2020 23:06:08.342,3.2786199999999996,8.809,0.965,0.004,1.287,243.3,15,48.4,4,33.63192368,-86.67787170000004,P29,0,P29L0,148,
149,07/21/2020 23:20:08.227,2.7982400000000003,3.727,0.7759999999999999,0.003,0.799,82.3,13,6.9,3,33.627025599999996,-86.67804718,P29,1,P29L1,149,
150,07/21/2020 22:29:05.238,2.0499,13.823,0.95,0.042,0.08800000000000001,37.5,25,0.2,1,33.63500595,-86.68444824,P29,2,P29L2,150,
151,07/21/2020 23:15:01.846,3.35585,9.204,0.975,0.005,1.359,126.3,17,9.1,1,33.62619781,-86.67738342,P29,3,P29L3,151,
152,07/22/2020 23:50:01.736,1.91698,13.749,0.958,0.086,0.066,13.4,15,0.1,1,33.60812759,-86.68951416,P29,4,P29L4,152,
153,07/23/2020 00:01:48.603,2.07916,6.256,0.846,0.008,0.248,131.5,21,2.1,1,33.6268425,-86.67362976,P29,5,P29L5,153,
154,07/23/2020 00:38:38.292,2.4463,6.266,0.9440000000000001,0.005,0.573,123.8,24,3.7,1,33.62014389,-86.68478394,P29,6,P29L6,154,
155,07/24/2020 23:19:17.940,2.57409,5.728,0.941,0.005,0.7040000000000001,77.6,16,4.1,1,33.62251663,-86.66819,P29,7,P29L7,155,
156,07/21/2020 02:40:19.324,2.93542,-0.977,0.986,0.006,0.96,214.1,27,29.3,11,33.62792969,-86.6844101,P30,0,P30L0,156,
157,07/21/2020 01:31:50.729,2.28668,2.386,0.86,0.006999999999999999,0.31,110.1,13,2.2,3,33.63215637,-86.68853759999998,P31,0,P31L0,157,
158,07/21/2020 01:29:09.756,2.10997,1.5830000000000002,0.871,0.01,0.121,44.6,5,0.6,1,33.63207245,-86.68913269,P31,1,P31L1,158,
159,07/21/2020 00:57:47.747,2.0238400000000003,14.794,0.757,0.077,0.022000000000000002,1.8,5,0.1,1,33.63502121,-86.68392944,P31,2,P31L2,159,
160,07/21/2020 01:18:37.539,2.3095,4.0710000000000015,0.8029999999999999,0.006999999999999999,0.315,210.3,19,2.9,1,33.634838099999996,-86.68846893,P31,3,P31L3,160,
161,07/21/2020 01:20:19.222,2.40291,3.279,0.9129999999999999,0.005,0.408,197.4,18,4.5,1,33.6338501,-86.69187164,P31,4,P31L4,161,
162,07/21/2020 01:29:57.884,2.0726,1.932,0.8959999999999999,0.021,0.083,113.0,12,0.8,1,33.63215256,-86.69064331,P31,5,P31L5,162,
163,07/21/2020 01:32:10.185,2.27033,2.6319999999999997,0.9129999999999999,0.009000000000000001,0.294,162.9,15,6.1,1,33.63251877,-86.68850708,P31,6,P31L6,163,
164,07/21/2020 01:35:20.649,2.34301,2.282,0.943,0.006999999999999999,0.355,154.9,15,3.5,1,33.63523483,-86.68843842,P31,7,P31L7,164,
165,07/23/2020 02:35:17.640,2.01769,21.415,0.986,0.069,0.131,0.7,34,0.1,1,33.63820267,-86.68296814,P31,8,P31L8,165,
166,07/23/2020 02:36:22.152,1.9622099999999998,18.248,0.9159999999999999,0.096,0.075,1.1,20,0.1,1,33.63838577,-86.68357086,P31,9,P31L9,166,
167,07/25/2020 01:27:21.320,1.9976900000000002,13.592,0.903,0.042,0.071,182.5,25,0.9,1,33.63618851,-86.68724823,P31,10,P31L10,167,
168,07/25/2020 01:39:20.475,2.0152,6.087999999999999,0.841,0.017,0.11599999999999999,117.4,10,1.0,1,33.62872696,-86.69322968,P31,11,P31L11,168,
169,07/25/2020 02:00:17.332,2.35616,4.083,0.795,0.005,0.419,89.5,12,2.8,1,33.63847733,-86.68860626,P31,12,P31L12,169,
170,07/08/2020 22:55:06.708,2.2702,17.835,0.988,0.018000000000000002,0.277,321.5,14,4.3,3,33.641532899999994,-86.724823,P19,0,P19L0,170,
171,07/08/2020 23:00:16.980,2.30348,14.539,0.8440000000000001,0.01,0.29,309.1,14,56.4,2,33.61488342,-86.74195862,P19,1,P19L1,171,
172,07/10/2020 22:29:22.484,2.2103200000000003,1.285,0.7929999999999999,0.006,0.325,211.7,12,37.9,2,33.60791016,-86.74339294,P19,2,P19L2,172,
173,07/10/2020 22:35:52.936,2.1884,3.0810000000000004,0.903,0.006999999999999999,0.293,185.4,7,12.7,1,33.64453888,-86.7223587,P19,3,P19L3,173,
174,07/10/2020 22:35:57.032,2.21506,3.1660000000000004,0.807,0.004,0.32,198.9,9,17.4,2,33.64520264,-86.72180176,P19,4,P19L4,174,
175,07/08/2020 23:02:18.836,2.2065200000000003,11.618,0.753,0.013,0.163,78.6,5,2.2,1,33.60208893,-86.73505402,P19,5,P19L5,175,
176,07/10/2020 22:22:08.308,2.07298,0.3670000000000001,0.809,0.011,0.166,183.2,10,7.2,1,33.64408875,-86.72297668,P19,6,P19L6,176,
177,07/10/2020 22:30:09.588,1.97805,2.399,0.852,0.02,0.093,303.3,16,3.2,1,33.61267853,-86.74315643,P19,7,P19L7,177,
178,07/10/2020 22:31:02.836,1.9148,0.907,0.76,0.015,0.03,158.2,7,0.6,1,33.62131882,-86.73635101,P19,8,P19L8,178,
179,07/10/2020 22:32:09.601,2.01363,1.982,0.88,0.014,0.12,236.1,14,1.1,1,33.63178635,-86.72901154,P19,9,P19L9,179,
180,07/10/2020 22:36:27.752,2.02555,4.456,0.8290000000000001,0.016,0.131,309.4,14,9.7,1,33.65004349,-86.71764374,P19,10,P19L10,180,
181,07/10/2020 22:40:02.792,1.96425,3.994,0.779,0.013,0.055,124.2,5,0.7,1,33.6241951,-86.73412323,P19,11,P19L11,181,
182,07/10/2020 22:41:50.312,2.0611900000000003,7.883999999999999,0.8420000000000001,0.02,0.147,282.1,12,2.7,1,33.6124115,-86.74354553,P19,12,P19L12,182,
183,07/10/2020 22:46:19.624,2.10602,13.761,0.925,0.012,0.17800000000000002,110.9,5,5.0,1,33.62909317,-86.73008728,P19,13,P19L13,183,
184,07/10/2020 22:46:25.768,2.0461,12.671,0.79,0.008,0.118,167.4,7,3.3,1,33.63020325,-86.72963715,P19,14,P19L14,184,
185,07/10/2020 22:47:37.448,2.04521,13.449000000000002,0.759,0.005,0.115,124.9,5,2.0,1,33.64324188,-86.72341156,P19,15,P19L15,185,
186,07/13/2020 21:55:37.564,2.31305,7.855,0.997,0.028,0.374,258.5,23,5.3,1,33.63211441,-86.7288208,P19,16,P19L16,186,
187,07/13/2020 22:18:56.246,2.82858,18.791,0.997,0.012,0.882,238.5,17,43.1,1,33.65260315,-86.72501373,P20,0,P20L0,187,
188,07/10/2020 23:13:51.131,2.53979,10.567,0.968,0.009000000000000001,0.57,259.9,20,91.5,2,33.65024567,-86.72343445,P20,1,P20L1,188,
189,07/10/2020 23:13:21.435,2.6065,11.611,0.969,0.009000000000000001,0.637,138.5,10,12.8,3,33.65358734,-86.72557831,P20,2,P20L2,189,
190,07/10/2020 23:26:04.417,2.33208,11.222,0.799,0.027000000000000003,0.332,64.9,10,5.4,2,33.65892410000001,-86.72081757,P20,3,P20L3,190,
191,07/10/2020 23:02:32.219,8.39257,96.436,0.999,0.014,6.444,192.9,20,17.4,3,33.65610886,-86.71117401,P20,4,P20L4,191,
192,07/08/2020 23:52:23.969,2.03798,2.11,0.867,0.019,0.081,139.0,10,1.4,1,33.65628433,-86.72457123,P20,5,P20L5,192,
193,07/10/2020 23:21:41.249,2.19233,9.394,0.7509999999999999,0.026,0.156,27.0,6,0.3,1,33.65613556,-86.7229538,P20,6,P20L6,193,
194,07/13/2020 22:06:42.652,2.0146,4.732,0.795,0.026,0.0,106.4,6,0.1,1,33.65709686,-86.71269226,P20,7,P20L7,194,
195,07/13/2020 22:23:57.609,2.26688,11.973,0.944,0.011,0.29100000000000004,233.5,20,7.9,1,33.65177155,-86.72451782,P20,8,P20L8,195,
196,07/09/2020 00:46:58.004,3.01818,9.892,0.993,0.006999999999999999,1.058,213.4,28,55.8,3,33.66760635,-86.70197296,P21,0,P21L0,196,
197,07/10/2020 23:56:40.552,6.08201,33.385,0.999,0.006999999999999999,4.082,176.1,22,41.2,2,33.68152237,-86.69111633,P21,1,P21L1,197,
198,07/11/2020 00:38:28.737,2.64538,1.834,0.969,0.005,0.644,192.9,25,20.4,2,33.67665482,-86.69676209,P21,2,P21L2,198,
199,07/09/2020 00:36:42.580,3.15554,13.625,0.989,0.006,1.196,154.4,17,11.6,2,33.67454147,-86.69634247,P21,3,P21L3,199,
200,07/11/2020 00:08:51.790,3.93863,13.52,0.996,0.005,1.908,64.6,10,19.1,5,33.67140198,-86.70906067,P21,4,P21L4,200,
201,07/13/2020 22:50:58.396,2.16065,8.738,0.904,0.017,0.212,349.2,14,30.1,2,33.66327667,-86.70537567,P21,5,P21L5,201,
202,07/09/2020 00:51:33.460,2.25069,2.651,0.809,0.004,0.282,133.9,8,8.1,2,33.65972519,-86.71747589,P21,6,P21L6,202,
203,07/09/2020 01:01:27.380,2.833,6.277,0.96,0.006,0.8690000000000001,243.1,19,24.7,3,33.68048096,-86.7012558,P21,7,P21L7,203,
204,07/11/2020 00:25:16.366,2.66969,1.834,0.97,0.006,0.645,135.2,20,11.0,3,33.67549896,-86.70542145,P21,8,P21L8,204,
205,07/13/2020 22:57:45.948,4.01812,23.297,0.99,0.006999999999999999,2.0540000000000003,103.6,16,22.6,2,33.68187714,-86.69181824,P21,9,P21L9,205,
206,07/09/2020 00:30:17.454,1.98824,6.8820000000000014,0.7959999999999999,0.008,0.033,87.9,7,0.2,1,33.67199326,-86.69725799999998,P21,10,P21L10,206,
207,07/09/2020 00:36:06.740,2.00593,5.4129999999999985,0.86,0.008,0.043,50.0,6,0.0,1,33.676338200000004,-86.69705963,P21,11,P21L11,207,
208,07/09/2020 00:51:19.124,2.18677,1.756,0.893,0.006999999999999999,0.218,115.8,8,7.1,1,33.65864563,-86.71552277,P21,12,P21L12,208,
209,07/11/2020 00:19:00.353,2.47471,0.8640000000000001,0.782,0.006,0.35700000000000004,138.8,15,11.0,1,33.67083359,-86.70847321,P21,13,P21L13,209,
210,07/11/2020 00:25:48.315,2.2718700000000003,-1.182,0.775,0.008,0.247,69.5,5,3.1,1,33.67612076,-86.70471954,P21,14,P21L14,210,
211,07/11/2020 00:48:06.580,2.50861,5.5420000000000025,0.959,0.006999999999999999,0.523,37.8,9,2.4,1,33.68218613,-86.69122314,P21,15,P21L15,211,
212,07/13/2020 22:58:22.812,2.2341,11.812,0.887,0.006999999999999999,0.27,227.3,24,11.6,1,33.68378448,-86.69483185,P21,16,P21L16,212,
213,07/13/2020 23:09:54.422,2.0049900000000003,8.467,0.7340000000000001,0.006999999999999999,0.039,20.0,6,0.1,1,33.6644783,-86.71746826,P21,17,P21L17,213,
214,07/13/2020 23:19:06.768,2.1743900000000003,4.107,0.838,0.019,0.199,158.6,22,4.0,1,33.67844009,-86.70471191,P21,18,P21L18,214,
215,07/01/2020 03:37:48.561,2.06016,10.753,0.903,0.015,0.115,132.0,16,0.9,4,33.65103912,-86.68325806,P23,0,P23L0,215,
216,07/01/2020 02:28:25.284,3.35031,17.738,0.993,0.006,1.422,113.8,16,24.2,2,33.65594101,-86.68289948,P23,1,P23L1,216,
217,07/07/2020 00:01:26.347,5.68126,6.152,0.992,0.002,3.751,178.3,23,30.2,4,33.65553284,-86.69728851,P23,2,P23L2,217,
218,07/07/2020 00:00:57.675,2.47297,2.036,0.915,0.005,0.5429999999999999,157.2,15,16.0,3,33.65505219,-86.6984787,P23,3,P23L3,218,
219,07/01/2020 03:11:15.627,2.3624400000000003,13.196,0.877,0.006999999999999999,0.398,90.1,10,2.7,1,33.65534973,-86.69850159,P23,4,P23L4,219,
220,07/01/2020 03:13:56.497,3.71654,14.234000000000002,0.963,0.002,1.786,152.4,18,27.7,3,33.6532402,-86.69817352,P23,5,P23L5,220,
221,07/02/2020 03:56:33.012,2.26523,0.884,0.878,0.009000000000000001,0.314,160.6,11,4.0,3,33.65233231,-86.70053101,P23,6,P23L6,221,
222,07/01/2020 03:35:56.945,4.40231,15.959,0.973,0.002,2.465,168.3,20,24.1,3,33.64936066,-86.68881226,P23,7,P23L7,222,
223,07/02/2020 02:49:44.257,2.70361,14.404000000000002,0.95,0.006,0.743,105.4,11,10.2,3,33.65959167,-86.68556976,P23,8,P23L8,223,
224,07/02/2020 03:05:38.318,2.94279,4.351,0.955,0.004,0.969,140.7,14,11.4,2,33.65117645,-86.68998718,P23,9,P23L9,224,
225,07/06/2020 23:45:28.497,2.06438,0.752,0.8390000000000001,0.014,0.145,181.2,18,2.5,2,33.65719604,-86.69108582,P23,10,P23L10,225,
226,07/02/2020 03:25:38.446,12.5721,67.001,1.0,0.006,10.634,42.8,14,65.3,3,33.65731049,-86.69541931,P23,11,P23L11,226,
227,07/01/2020 02:29:22.628,2.0531900000000003,10.133,0.805,0.017,0.125,38.7,9,0.3,1,33.65537262,-86.68725586,P23,12,P23L12,227,
228,07/01/2020 03:03:04.516,2.07491,12.251,0.918,0.025,0.123,116.1,14,1.5,1,33.65378189,-86.704422,P23,13,P23L13,228,
229,07/01/2020 03:04:01.963,2.1655900000000003,11.825,0.812,0.006999999999999999,0.207,108.5,11,1.9,1,33.65384674,-86.69850922,P23,14,P23L14,229,
230,07/01/2020 03:06:05.969,2.39399,11.745,0.8190000000000001,0.004,0.435,90.7,10,3.6,1,33.65618896,-86.70419312,P23,15,P23L15,230,
231,07/01/2020 03:10:04.971,2.08128,10.194,0.8079999999999999,0.011,0.117,81.8,8,0.8,1,33.6546402,-86.6995697,P23,16,P23L16,231,
232,07/01/2020 03:19:10.046,2.9432400000000003,12.755,0.895,0.003,1.005,205.0,14,31.3,1,33.64934158,-86.68682098,P23,17,P23L17,232,
233,07/01/2020 03:41:31.998,2.6104700000000003,14.365,0.951,0.006999999999999999,0.669,200.9,16,13.4,1,33.6595993,-86.68260193,P23,18,P23L18,233,
234,07/01/2020 03:46:07.659,2.26063,12.469,0.83,0.006999999999999999,0.304,290.4,16,2.9,1,33.65336609,-86.6829071,P23,19,P23L19,234,
235,07/02/2020 02:50:11.905,2.28143,11.755999999999998,0.8490000000000001,0.006,0.299,66.0,9,1.3,1,33.66008759,-86.68656158,P23,20,P23L20,235,
236,07/02/2020 02:56:19.726,2.23539,7.312,0.8420000000000001,0.006,0.219,129.2,17,0.8,1,33.65131760000001,-86.68855286,P23,21,P23L21,236,
237,07/02/2020 03:22:10.472,2.56103,-0.042,0.983,0.006999999999999999,0.625,13.1,6,0.8,1,33.65493011,-86.69610596,P23,22,P23L22,237,
238,07/02/2020 03:24:40.078,2.0935,-1.156,0.794,0.006,0.156,85.9,10,0.5,1,33.65585327,-86.69395447,P23,23,P23L23,238,
239,07/02/2020 04:01:51.886,2.27468,2.528,0.8759999999999999,0.008,0.32,161.2,13,2.9,1,33.64941406,-86.69174194,P23,24,P23L24,239,
240,07/06/2020 23:39:37.265,2.49158,3.138,0.968,0.008,0.57,80.8,17,0.5,1,33.65982437,-86.69422913,P23,25,P23L25,240,
241,07/06/2020 23:40:18.225,2.44673,3.0380000000000003,0.98,0.006999999999999999,0.525,31.9,15,1.9,1,33.65982437,-86.69422913,P23,26,P23L26,241,
242,07/06/2020 23:42:07.793,3.91488,1.702,0.868,0.001,1.991,34.6,14,3.3,1,33.65828323,-86.6955719,P23,27,P23L27,242,
243,07/07/2020 00:15:57.771,2.02321,-2.869,0.748,0.016,0.09,15.2,6,0.1,1,33.64917374,-86.68377686,P23,28,P23L28,243,
244,07/07/2020 00:18:42.635,2.39231,-2.9410000000000003,0.928,0.006,0.469,264.2,17,24.2,1,33.66172409,-86.68128204,P23,29,P23L29,244,
245,07/07/2020 00:21:07.019,1.96134,-5.655,0.758,0.016,0.033,123.2,7,0.2,1,33.65462494,-86.68274689,P23,30,P23L30,245,
246,06/15/2020 21:04:44.398,2.74653,16.602999999999998,0.9890000000000001,0.009000000000000001,0.6970000000000001,214.2,12,39.9,2,33.706867218,-86.58829498290001,P1,0,P1L0,246,
247,06/17/2020 02:27:42.558,2.56965,7.987999999999999,0.978,0.011000000000000001,0.545,270.4,23,5.2,3,33.749111175500005,-86.59404754639999,P1,1,P1L1,247,
248,06/17/2020 02:00:49.963,3.02435,12.001,0.992,0.009000000000000001,1.002,289.4,16,35.9,2,33.7056388855,-86.60827636719999,P1,2,P1L2,248,
249,06/17/2020 01:49:05.246,2.40117,4.734,0.9,0.006999999999999999,0.38299999999999995,87.6,17,3.1,2,33.6394462585,-86.6150360107,P1,3,P1L3,249,
250,06/15/2020 21:08:21.691,2.14998,14.175,0.8270000000000001,0.018000000000000002,0.128,244.3,17,1.6,1,33.7198867798,-86.5886993408,P1,4,P1L4,250,
251,06/15/2020 21:08:58.760,2.73588,21.070999999999998,0.9790000000000001,0.011000000000000001,0.7140000000000001,126.8,9,9.2,1,33.7231674194,-86.58470153809998,P1,5,P1L5,251,
252,06/15/2020 21:29:51.521,2.1482,3.766,0.752,0.013000000000000001,0.11199999999999999,188.9,13,1.3,1,33.7465629578,-86.6012039185,P1,6,P1L6,252,
253,06/15/2020 21:46:01.761,2.1899599999999997,5.033,0.8220000000000001,0.01,0.139,155.1,20,0.8,1,33.7381477356,-86.61298370360001,P1,7,P1L7,253,
254,06/16/2020 02:06:35.681,2.26132,5.396,0.777,0.01,0.19699999999999998,259.2,13,4.3,1,33.6583709717,-86.6431427002,P1,8,P1L8,254,
255,06/16/2020 02:12:04.692,2.23628,4.716,0.8340000000000001,0.009000000000000001,0.183,151.2,9,2.2,1,33.6978912354,-86.6127243042,P1,9,P1L9,255,
256,06/16/2020 02:41:57.000,2.1846200000000002,5.727,0.7559999999999999,0.013999999999999999,0.16,161.6,8,2.8,1,33.7488899231,-86.59441375729998,P1,10,P1L10,256,
257,06/17/2020 02:00:12.075,2.2156599999999997,4.801,0.877,0.011000000000000001,0.19399999999999998,276.4,18,6.0,1,33.7030258179,-86.6026306152,P1,11,P1L11,257,
258,06/17/2020 21:02:16.038,2.80302,10.823,0.9940000000000001,0.008,0.8340000000000001,300.7,17,18.6,8,33.705646514899996,-86.6083221436,P2,0,P2L0,258,
259,06/16/2020 23:26:07.608,4.53517,34.047,0.997,0.008,2.48,227.6,14,59.0,3,33.706840515100005,-86.58834838870001,P3,0,P3L0,259,
260,06/16/2020 23:23:41.176,2.56805,20.315,0.945,0.009000000000000001,0.544,172.9,10,19.1,2,33.705604553200004,-86.60794830319998,P3,1,P3L1,260,
261,06/15/2020 23:27:51.048,2.2513900000000002,12.802999999999999,0.838,0.013999999999999999,0.221,170.8,13,3.0,1,33.7030982971,-86.60285186770002,P3,2,P3L2,261,
262,06/16/2020 00:10:45.076,2.30605,4.166,0.9009999999999999,0.008,0.301,235.6,14,4.3,1,33.7029800415,-86.5475158691,P3,3,P3L3,262,
263,06/16/2020 23:27:12.222,2.50858,18.8,0.981,0.011000000000000001,0.455,197.8,19,2.6,1,33.7075042725,-86.5873947144,P3,4,P3L4,263,
264,06/16/2020 23:44:16.836,2.0527599999999997,4.261,0.7490000000000001,0.008,0.038,31.8,5,0.1,1,33.6796417236,-86.5649337769,P3,5,P3L5,264,
265,06/16/2020 23:50:59.780,3.65674,8.187000000000001,0.9470000000000001,0.002,1.6230000000000002,90.6,17,8.7,1,33.6780014038,-86.5537109375,P3,6,P3L6,265,
266,06/16/2020 23:54:01.131,2.17194,5.9079999999999995,0.765,0.01,0.149,55.7,7,0.5,1,33.682209014899996,-86.5501480103,P3,7,P3L7,266,
267,06/17/2020 00:05:51.684,2.42073,4.098,0.9309999999999999,0.005,0.415,134.5,28,3.0,1,33.695903778099996,-86.54203033450001,P3,8,P3L8,267,
268,06/17/2020 22:13:52.025,2.05068,6.981,0.752,0.017,0.07200000000000001,95.2,6,0.7,1,33.7041282654,-86.60369873049999,P3,9,P3L9,268,
269,06/17/2020 23:55:27.283,2.5956,10.765999999999998,0.9620000000000001,0.011000000000000001,0.596,323.2,36,16.6,4,33.7074241638,-86.5874023438,P4,0,P4L0,269,
270,06/16/2020 00:22:28.974,2.16846,4.596,0.821,0.011000000000000001,0.16899999999999998,278.5,18,2.4,2,33.7173080444,-86.57537841799999,P4,1,P4L1,270,
271,06/18/2020 00:18:32.857,2.7688,17.680999999999994,0.983,0.011000000000000001,0.7809999999999999,286.9,22,87.3,5,33.7242889404,-86.56175994870001,P4,2,P4L2,271,
272,06/17/2020 23:57:29.139,2.85338,18.597,0.993,0.015,0.841,268.2,15,19.1,5,33.7183189392,-86.57409667969999,P4,3,P4L3,272,
273,06/16/2020 00:45:24.513,2.2827900000000003,10.001,0.865,0.01,0.261,339.0,19,5.3,4,33.7110328674,-86.58288574219999,P4,4,P4L4,273,
274,06/17/2020 23:47:54.060,3.62448,31.448,0.996,0.013999999999999999,1.6019999999999999,134.5,8,44.9,3,33.7068328857,-86.58834075930002,P4,5,P4L5,274,
275,06/17/2020 00:50:12.753,2.5037599999999998,8.729,0.97,0.01,0.461,116.2,8,7.4,1,33.706977844200004,-86.58812713620001,P4,6,P4L6,275,
276,06/16/2020 00:21:27.534,2.08739,2.5780000000000003,0.784,0.016,0.09,121.2,8,0.8,1,33.711578369099996,-86.5820770264,P4,7,P4L7,276,
277,06/17/2020 00:25:57.752,2.1313400000000002,6.7620000000000005,0.898,0.021,0.109,140.2,24,1.0,1,33.7183456421,-86.5688323975,P4,8,P4L8,277,
278,06/17/2020 00:47:30.449,2.42948,7.7929999999999975,0.9390000000000001,0.008,0.386,241.5,14,6.6,1,33.714099884,-86.57884216309998,P4,9,P4L9,278,
279,06/17/2020 23:58:14.195,2.17288,10.387,0.838,0.023,0.14800000000000002,174.3,11,1.8,1,33.7216072083,-86.5675125122,P4,10,P4L10,279,
280,06/18/2020 00:10:41.715,2.0527900000000003,11.107999999999999,0.836,0.026000000000000002,0.085,78.3,7,0.8,1,33.7389755249,-86.58006286620001,P4,11,P4L11,280,
281,06/18/2020 00:15:53.113,2.0055,8.86,0.754,0.022000000000000002,0.021,57.1,6,0.1,1,33.7279701233,-86.5555725098,P4,12,P4L12,281,
282,06/19/2020 02:37:50.603,2.6137,7.085,0.951,0.006999999999999999,0.584,330.5,23,20.2,4,33.6978263855,-86.6127853394,P5,0,P5L0,282,
283,06/25/2020 01:16:45.926,3.7298400000000003,24.057,0.998,0.009000000000000001,1.849,175.7,18,30.2,4,33.6909637451,-86.6266479492,P5,1,P5L1,283,
284,06/19/2020 01:51:40.683,3.26671,13.995999999999999,0.938,0.002,1.247,212.1,20,28.9,4,33.690410614,-86.6292114258,P5,2,P5L2,284,
285,06/20/2020 02:14:02.932,2.41458,18.032,0.95,0.01,0.41600000000000004,221.2,20,12.6,3,33.6895523071,-86.6210327148,P5,3,P5L3,285,
286,06/20/2020 01:51:39.444,2.8884,8.174,0.973,0.006999999999999999,0.88,182.4,25,25.4,5,33.6844978333,-86.6179122925,P5,4,P5L4,286,
287,06/19/2020 02:29:41.643,3.19447,17.968,0.991,0.006999999999999999,1.158,264.0,29,72.6,1,33.684677124000004,-86.6179351807,P5,5,P5L5,287,
288,06/25/2020 01:13:27.168,2.12683,11.51,0.848,0.012,0.249,227.4,14,4.5,2,33.6942176819,-86.6166305542,P5,6,P5L6,288,
289,06/24/2020 23:41:24.838,3.4415400000000003,9.604,0.998,0.008,1.5390000000000001,190.6,22,12.9,2,33.6829948425,-86.6209564209,P5,7,P5L7,289,
290,06/25/2020 01:07:42.796,2.35925,5.775,0.93,0.006999999999999999,0.48200000000000004,255.1,17,13.9,2,33.7055854797,-86.6078643799,P5,8,P5L8,290,
291,06/18/2020 01:18:14.604,2.32032,11.298,0.809,0.006,0.336,193.6,11,6.9,1,33.6775093079,-86.6310119629,P5,9,P5L9,291,
292,06/19/2020 01:44:10.123,2.06986,14.195,0.835,0.006999999999999999,0.057,119.7,7,0.6,1,33.6974105835,-86.6135559082,P5,10,P5L10,292,
293,06/19/2020 02:38:03.915,2.05878,2.903,0.77,0.023,0.028999999999999998,65.5,5,0.2,1,33.698505401599995,-86.61100769040002,P5,11,P5L11,293,
294,06/20/2020 01:24:46.542,2.10881,15.207,0.8059999999999999,0.006,0.067,120.3,7,1.0,1,33.6689414978,-86.6359481812,P5,12,P5L12,294,
295,06/20/2020 02:02:46.376,2.1151400000000002,9.096,0.774,0.009000000000000001,0.10400000000000001,155.4,8,1.2,1,33.6934928894,-86.6173019409,P5,13,P5L13,295,
296,06/20/2020 02:16:18.408,2.10019,12.167,0.753,0.006999999999999999,0.075,93.9,5,0.6,1,33.6712226868,-86.63521575930002,P5,14,P5L14,296,
297,06/24/2020 23:27:28.640,1.9983099999999998,4.6530000000000005,0.924,0.021,0.122,7.4,21,0.1,1,33.6399497986,-86.61437988280001,P5,15,P5L15,297,
298,06/25/2020 00:33:42.374,1.96071,9.872,0.8340000000000001,0.013000000000000001,0.087,67.3,9,0.1,1,33.673500061,-86.58868408200001,P5,16,P5L16,298,
299,06/25/2020 00:53:31.545,3.6244,7.183,0.991,0.005,1.7309999999999999,193.9,17,52.6,1,33.7130889893,-86.62196350100002,P5,17,P5L17,299,
300,06/25/2020 01:08:09.420,2.20151,7.521,0.9309999999999999,0.015,0.324,311.9,20,9.9,1,33.7045898438,-86.60411071780001,P5,18,P5L18,300,
301,06/25/2020 01:09:39.532,2.34553,13.277000000000001,0.914,0.01,0.444,246.2,17,4.2,1,33.6985664368,-86.6089859009,P5,19,P5L19,301,
302,06/25/2020 01:14:13.350,2.22912,11.681,0.9420000000000001,0.01,0.35200000000000004,189.3,12,5.4,1,33.6903305054,-86.62141418459998,P5,20,P5L20,302,
303,06/25/2020 01:18:03.750,1.9334,7.754,0.765,0.011000000000000001,0.05,43.0,5,0.1,1,33.6913452148,-86.6287002563,P5,21,P5L21,303,
304,06/25/2020 01:27:50.707,1.9201099999999998,-1.2770000000000001,0.721,0.009000000000000001,0.044000000000000004,79.1,5,0.3,1,33.688621521,-86.6217041016,P5,22,P5L22,304,
305,06/25/2020 01:31:50.425,2.32998,0.83,0.8959999999999999,0.006999999999999999,0.446,207.0,11,9.3,1,33.658447265599996,-86.64303588870001,P5,23,P5L23,305,
306,06/18/2020 21:55:57.912,3.18749,18.708,0.972,0.004,1.171,151.0,13,19.9,4,33.5919189453,-86.61302185059998,P58,0,P58L0,306,
307,06/23/2020 23:33:00.673,2.28919,10.099,0.818,0.005,0.23800000000000002,89.3,10,2.0,2,33.606735229499996,-86.60425567629999,P58,1,P58L1,307,
308,06/24/2020 00:12:10.958,3.5331099999999998,15.185,0.985,0.006,1.5630000000000002,237.1,21,27.4,2,33.6048622131,-86.59889221190002,P58,2,P58L2,308,
309,06/19/2020 22:05:47.214,2.15446,15.105,0.82,0.016,0.098,103.4,11,0.7,1,33.6095046997,-86.60062408450001,P58,3,P58L3,309,
310,06/19/2020 22:07:38.830,2.19023,13.95,0.7559999999999999,0.008,0.134,91.4,8,0.5,1,33.6086540222,-86.60375976559997,P58,4,P58L4,310,
311,06/23/2020 23:31:12.027,2.19814,8.16,0.7659999999999999,0.021,0.19699999999999998,16.5,5,0.3,1,33.6110038757,-86.6045608521,P58,5,P58L5,311,
312,06/23/2020 23:38:56.001,2.07295,-1.926,0.818,0.006,0.031,84.5,5,0.1,1,33.6030387878,-86.6070022583,P58,6,P58L6,312,
313,06/23/2020 23:41:35.745,2.29187,-0.589,0.9520000000000001,0.005,0.305,214.4,19,6.7,1,33.592617034899995,-86.6121902466,P58,7,P58L7,313,
314,06/23/2020 23:53:04.078,2.10533,6.5329999999999995,0.735,0.005,0.14300000000000002,58.2,5,0.9,1,33.591182708699996,-86.61340332030001,P58,8,P58L8,314,
315,06/23/2020 23:56:38.094,2.47836,8.005,0.95,0.005,0.516,220.3,18,7.4,1,33.5971870422,-86.6085357666,P58,9,P58L9,315,
316,06/24/2020 00:03:16.430,2.1526099999999997,4.2989999999999995,0.8320000000000001,0.015,0.19399999999999998,111.5,8,1.5,1,33.6019020081,-86.6085891724,P58,10,P58L10,316,
317,06/19/2020 00:30:36.683,2.39763,-2.3040000000000003,0.95,0.009000000000000001,0.445,268.1,18,14.0,2,33.64585495,-86.59155273440003,P59,0,P59L0,317,
318,06/25/2020 02:05:38.867,2.28442,9.652000000000001,0.825,0.006,0.392,259.7,13,8.2,5,33.671546936,-86.6351318359,P7,0,P7L0,318,
319,06/29/2020 23:19:02.739,4.0441199999999995,14.092,0.987,0.003,2.137,245.3,16,35.4,3,33.6924552917,-86.63954925540001,P8,0,P8L0,319,
320,06/25/2020 03:27:08.467,2.99605,4.035,0.9540000000000001,0.004,1.048,152.9,10,16.7,1,33.696857452399996,-86.63277435299999,P8,1,P8L1,320,
321,06/25/2020 03:42:18.598,2.32239,4.191,0.968,0.012,0.415,114.1,11,4.4,1,33.6903953552,-86.6214294434,P8,2,P8L2,321,
322,06/26/2020 23:21:07.857,1.9200700000000002,-0.3670000000000001,0.9640000000000001,0.011000000000000001,0.013000000000000001,2331.7,7,0.1,1,33.7040596008,-86.63954925540001,P8,3,P8L3,322,
323,06/26/2020 23:42:12.497,2.07599,1.364,0.865,0.013999999999999999,0.147,115.7,13,1.7,1,33.6921081543,-86.64331817629999,P8,4,P8L4,323,
324,06/26/2020 23:42:48.337,2.03697,0.055999999999999994,0.868,0.012,0.081,64.3,10,0.2,1,33.691570282,-86.6433334351,P8,5,P8L5,324,
325,06/26/2020 23:55:28.657,2.00434,3.137,0.8009999999999999,0.022000000000000002,0.068,44.6,6,0.2,1,33.696182250999996,-86.63804626459999,P8,6,P8L6,325,
326,06/26/2020 23:56:32.145,2.2787,4.2810000000000015,0.779,0.006999999999999999,0.342,131.0,10,6.5,1,33.694667816199996,-86.6369247437,P8,7,P8L7,326,
327,06/26/2020 23:57:03.889,2.32294,4.69,0.8079999999999999,0.006,0.387,174.2,13,20.8,1,33.6957893372,-86.6384048462,P8,8,P8L8,327,
328,06/26/2020 23:58:00.209,2.61741,6.9479999999999995,0.951,0.005,0.677,148.4,14,6.6,1,33.701000213600004,-86.6352767944,P8,9,P8L9,328,
329,06/29/2020 22:54:52.345,1.98785,8.56,0.7759999999999999,0.006,0.08900000000000001,109.6,8,0.8,1,33.708461761500004,-86.63257598879999,P8,10,P8L10,329,
330,06/29/2020 23:18:16.659,2.87879,13.404000000000002,0.9790000000000001,0.006999999999999999,0.972,152.9,11,13.2,1,33.6963806152,-86.6339035034,P8,11,P8L11,330,
331,06/30/2020 01:48:04.000,2.32648,3.071,0.82,0.005,0.42100000000000004,180.8,16,5.9,2,33.679908752399996,-86.68516540530001,P10,0,P10L0,331,
332,06/30/2020 01:56:21.664,3.4428199999999998,3.208,0.792,0.001,1.545,113.5,20,18.7,5,33.679046630900004,-86.68600463870001,P10,1,P10L1,332,
333,07/01/2020 23:54:36.584,2.68749,12.03,0.968,0.008,0.6920000000000001,291.5,18,13.9,2,33.6812705994,-86.6786270142,P10,2,P10L2,333,
334,07/01/2020 23:25:29.537,2.91359,1.776,0.945,0.003,0.977,186.5,22,15.4,3,33.679237365700004,-86.68668365479998,P10,3,P10L3,334,
335,06/30/2020 01:48:58.272,2.40686,3.5660000000000003,0.898,0.006,0.496,121.1,13,4.1,1,33.6829223633,-86.6898651123,P10,4,P10L4,335,
336,06/30/2020 22:02:21.534,1.90251,5.02,0.753,0.02,0.01,50.1,5,0.1,1,33.67735672,-86.6866531372,P10,5,P10L5,336,
337,07/01/2020 23:08:38.747,1.93595,3.7910000000000004,0.856,0.027000000000000003,0.016,140.2,8,0.0,1,33.6415672302,-86.62420654299999,P10,6,P10L6,337,
338,07/01/2020 23:10:20.123,2.20191,8.187999999999999,0.9209999999999999,0.008,0.301,423.1,23,20.8,1,33.6508865356,-86.6361694336,P10,7,P10L7,338,
339,07/01/2020 23:11:36.104,1.9455900000000002,8.339,0.7979999999999999,0.027000000000000003,0.045,96.5,7,0.4,1,33.6545562744,-86.6474304199,P10,8,P10L8,339,
340,07/01/2020 23:11:54.536,2.39397,10.913,0.94,0.006,0.493,208.4,13,18.1,1,33.6542701721,-86.6504211426,P10,9,P10L9,340,
341,07/01/2020 23:12:18.088,2.0335099999999997,9.127,0.762,0.011000000000000001,0.132,180.2,10,3.2,1,33.6532211304,-86.6543502808,P10,10,P10L10,341,
342,07/01/2020 23:12:46.862,1.9927,10.037,0.934,0.02,0.092,313.5,16,4.7,1,33.6538734436,-86.65957641600002,P10,11,P10L11,342,
343,07/01/2020 23:13:06.318,1.98863,9.98,0.777,0.009000000000000001,0.078,109.7,6,1.3,1,33.6564674377,-86.6615447998,P10,12,P10L12,343,
344,07/01/2020 23:13:43.182,1.96628,9.591000000000001,0.877,0.013000000000000001,0.051,149.7,8,1.2,1,33.6621551514,-86.6637268066,P10,13,P10L13,344,
345,07/01/2020 23:14:24.142,2.32499,13.232999999999999,0.986,0.012,0.41,187.4,11,11.6,1,33.6684570312,-86.66539001459999,P10,14,P10L14,345,
346,07/01/2020 23:15:51.182,2.01792,5.474,0.943,0.028999999999999998,0.08800000000000001,176.5,11,1.9,1,33.6786689758,-86.67281341549999,P10,15,P10L15,346,
347,07/01/2020 23:16:34.292,2.52714,5.37,0.965,0.008,0.597,356.8,24,25.9,1,33.6814460754,-86.6792755127,P10,16,P10L16,347,
348,07/01/2020 23:17:34.708,1.97518,-0.7040000000000001,0.75,0.017,0.045,63.1,6,0.2,1,33.684677124000004,-86.6826782227,P10,17,P10L17,348,
349,07/01/2020 23:18:39.220,2.1739599999999997,-2.173,0.8759999999999999,0.006999999999999999,0.245,286.1,20,4.7,1,33.6776390076,-86.6813735962,P10,18,P10L18,349,
350,07/01/2020 23:44:25.256,2.0718099999999997,0.688,0.7340000000000001,0.012,0.092,0.7,5,0.0,1,33.6673316956,-86.683883667,P10,19,P10L19,350,
351,07/02/2020 01:19:13.371,3.86984,9.888,0.9440000000000001,0.002,1.874,176.8,13,48.6,2,33.6864128113,-86.6763153076,P11,0,P11L0,351,
352,07/02/2020 22:15:10.544,2.58065,3.426,0.915,0.005,0.669,111.1,13,6.5,2,33.684932708699996,-86.6708450317,P11,1,P11L1,352,
353,07/02/2020 21:33:06.179,2.33921,13.067,0.9259999999999999,0.015,0.263,7.4,19,0.3,2,33.6953315735,-86.6826248169,P11,2,P11L2,353,
354,07/02/2020 22:41:13.372,2.32599,14.424000000000001,0.976,0.017,0.39799999999999996,165.1,18,7.9,2,33.6964225769,-86.6801986694,P11,3,P11L3,354,
355,06/30/2020 23:55:33.931,2.00158,-1.9369999999999998,0.76,0.003,0.11800000000000001,80.1,7,0.8,1,33.6859588623,-86.6762008667,P11,4,P11L4,355,
356,07/02/2020 00:35:04.590,2.06792,9.448,0.797,0.023,0.07200000000000001,84.9,9,0.6,1,33.6961479187,-86.67980957030001,P11,5,P11L5,356,
357,07/02/2020 21:57:29.577,2.0669999999999997,1.66,0.7979999999999999,0.023,0.10099999999999999,16.8,5,0.1,1,33.687118530300005,-86.6842422485,P11,6,P11L6,357,
358,07/02/2020 22:01:10.864,2.30327,0.746,0.778,0.006999999999999999,0.337,61.2,6,5.9,1,33.6887054443,-86.684715271,P11,7,P11L7,358,
359,07/02/2020 22:22:45.302,2.83053,9.992,0.9420000000000001,0.004,0.905,195.7,13,15.2,1,33.6875419617,-86.6772613525,P11,8,P11L8,359,
360,07/01/2020 01:03:28.734,2.6281,1.089,0.948,0.005,0.7090000000000001,118.5,16,6.0,2,33.6653785706,-86.6776885986,P22,0,P22L0,360,
361,07/01/2020 01:25:43.211,4.53187,16.727,0.998,0.006,2.611,214.9,26,39.5,4,33.654586791999996,-86.68054199219999,P22,1,P22L1,361,
362,07/02/2020 02:16:04.212,2.48753,14.481,0.932,0.006999999999999999,0.44,193.6,20,4.5,2,33.6621894836,-86.6757049561,P22,2,P22L2,362,
363,07/06/2020 22:38:32.267,2.17706,1.963,0.8059999999999999,0.008,0.258,56.5,12,0.9,2,33.6493339539,-86.6837615967,P22,3,P22L3,363,
364,07/01/2020 00:46:02.820,2.47609,6.184,0.9740000000000001,0.013000000000000001,0.3720000000000001,162.6,17,3.0,1,33.6663017273,-86.665725708,P22,4,P22L4,364,
365,07/01/2020 00:54:00.209,2.0059299999999998,-2.254,0.868,0.008,0.075,62.5,8,0.2,1,33.669033050500005,-86.6750564575,P22,5,P22L5,365,
366,07/01/2020 01:17:36.606,1.97154,0.37799999999999995,0.825,0.028999999999999998,0.057,46.0,5,0.3,1,33.6644859314,-86.67297363280001,P22,6,P22L6,366,
367,07/01/2020 01:43:01.035,2.13461,8.038,0.755,0.008,0.193,92.8,5,1.2,1,33.6559486389,-86.6826477051,P22,7,P22L7,367,
368,07/01/2020 01:43:05.131,1.9631599999999998,7.188,0.74,0.008,0.022000000000000002,110.7,6,0.0,1,33.6552848816,-86.6826934814,P22,8,P22L8,368,
369,07/02/2020 02:02:50.408,2.1091,9.482000000000001,0.7240000000000001,0.012,0.031,40.6,5,0.2,1,33.66614151,-86.6745834351,P22,9,P22L9,369,
370,07/02/2020 02:12:06.644,2.67883,14.883,0.9279999999999999,0.008,0.6829999999999999,75.1,11,1.8,1,33.6613693237,-86.6731948853,P22,10,P22L10,370,
371,07/06/2020 21:38:55.947,1.8626200000000002,5.0760000000000005,0.9329999999999999,0.015,0.006,3480.1,7,0.1,1,33.682636261,-86.6820068359,P22,11,P22L11,371,
372,07/06/2020 21:41:22.379,2.19645,9.514,0.892,0.009000000000000001,0.348,397.3,19,9.2,1,33.6771812439,-86.6814880371,P22,12,P22L12,372,
