,Unnamed: 0,lat,lon,POLYGON,portion
0,0.0,-86.60246501699223,33.74883939255586,P1,1
1,1.0,-86.60229206402205,33.74880552769959,P1,1
2,2.0,-86.60228621561676,33.748829606375196,P1,1
3,3.0,-86.60246501699223,33.74883939255586,P1,1
4,0.0,-86.61439783939528,33.73943481309686,P1,2
5,1.0,-86.61400378385197,33.73944225039581,P1,2
6,2.0,-86.61314225528847,33.73945850544282,P1,2
7,3.0,-86.61294553704117,33.73946221623482,P1,2
8,4.0,-86.61439783939528,33.73943481309686,P1,2
9,0.0,-86.59916235508966,33.75118900023074,P1,3
10,1.0,-86.60149422687532,33.75214078463296,P1,3
11,2.0,-86.60030449637242,33.75328292591587,P1,3
12,3.0,-86.6018451973739,33.758862761974456,P1,3
13,4.0,-86.60195227311901,33.76145637447081,P1,3
14,5.0,-86.60328477128235,33.76368117051135,P1,3
15,6.0,-86.60547387540765,33.76551335548578,P1,3
16,7.0,-86.6064375571151,33.76782143266155,P1,3
17,8.0,-86.60820351375834,33.770418217772544,P1,3
18,9.0,-86.60903652635801,33.77097530766395,P1,3
19,10.0,-86.60929468474842,33.770872599487056,P1,3
20,11.0,-86.60917772458043,33.7704628326664,P1,3
21,12.0,-86.60861855124409,33.76954674017918,P1,3
22,13.0,-86.60775004797705,33.76717917647835,P1,3
23,14.0,-86.60534679236109,33.76306270893838,P1,3
24,15.0,-86.60397860228271,33.76194436226552,P1,3
25,16.0,-86.6034908127766,33.76012407459609,P1,3
26,17.0,-86.60316958554073,33.75791117586073,P1,3
27,18.0,-86.60283646099992,33.75556740676996,P1,3
28,19.0,-86.60305061249039,33.75402075711605,P1,3
29,20.0,-86.60389532114756,33.752854821223195,P1,3
30,21.0,-86.6043831106537,33.75146283653476,P1,3
31,22.0,-86.60504935973533,33.74947598659492,P1,3
32,23.0,-86.60554904654656,33.74690616870862,P1,3
33,24.0,-86.60362168313196,33.74510967564925,P1,3
34,25.0,-86.60514453817564,33.74399132897651,P1,3
35,26.0,-86.60664359860937,33.74275400925342,P1,3
36,27.0,-86.60767509495531,33.741440546778286,P1,3
37,28.0,-86.60851385495981,33.74112645792536,P1,3
38,29.0,-86.60987371692477,33.74055538728413,P1,3
39,30.0,-86.61109081122919,33.73978087272673,P1,3
40,31.0,-86.61221510655444,33.73893854353065,P1,3
41,32.0,-86.61275762366375,33.73844956429383,P1,3
42,33.0,-86.61278974638736,33.73878506829567,P1,3
43,34.0,-86.61280045396194,33.73942395357579,P1,3
44,35.0,-86.61303602060156,33.739534598512584,P1,3
45,36.0,-86.6130931276657,33.73975588838613,P1,3
46,37.0,-86.61387549444436,33.74053397213498,P1,3
47,38.0,-86.61434662772359,33.74081950745574,P1,3
48,39.0,-86.61614550024382,33.740776677157676,P1,3
49,40.0,-86.6175017930172,33.740962275116146,P1,3
50,41.0,-86.61882953225842,33.74106221247837,P1,3
51,42.0,-86.61962903115648,33.73983441059937,P1,3
52,43.0,-86.61954337056022,33.73850667135798,P1,3
53,44.0,-86.61845833634152,33.73769289569407,P1,3
54,45.0,-86.61731619505873,33.73787849365254,P1,3
55,46.0,-86.61483203776869,33.73806409161091,P1,3
56,47.0,-86.61388977121044,33.73822113603723,P1,3
57,48.0,-86.61354712882553,33.737978431014774,P1,3
58,49.0,-86.61468927010834,33.737393083607394,P1,3
59,50.0,-86.6153745548781,33.73633660292069,P1,3
60,51.0,-86.6167308476513,33.73420936478141,P1,3
61,52.0,-86.6175160697832,33.73223917106873,P1,3
62,53.0,-86.61922928170748,33.73139684187265,P1,3
63,54.0,-86.62129941278243,33.72909828254097,P1,3
64,55.0,-86.62201325108423,33.72757066857531,P1,3
65,56.0,-86.62198469755221,33.72620009903585,P1,3
66,57.0,-86.62199897431816,33.724815252730544,P1,3
67,58.0,-86.6221560187446,33.72270229135734,P1,3
68,59.0,-86.6224986611295,33.72215977424787,P1,3
69,60.0,-86.62189903695601,33.72173147126688,P1,3
70,61.0,-86.62069978860904,33.7216600874367,P1,3
71,62.0,-86.62064268154491,33.72611443843977,P1,3
72,63.0,-86.61955764732625,33.72908400577489,P1,3
73,64.0,-86.61584568815715,33.73182514485364,P1,3
74,65.0,-86.61453222568201,33.73416653448339,P1,3
75,66.0,-86.61409059771927,33.735827398265535,P1,3
76,67.0,-86.61194908281395,33.73737404791922,P1,3
77,68.0,-86.60952203258795,33.73784994012038,P1,3
78,69.0,-86.60790399910404,33.739325205944056,P1,3
79,70.0,-86.60738051768276,33.73970591970499,P1,3
80,71.0,-86.60595284107922,33.74108600708837,P1,3
81,72.0,-86.60457275369595,33.74220435376111,P1,3
82,73.0,-86.60347820163315,33.7434416734842,P1,3
83,74.0,-86.60178878431901,33.74496452852787,P1,3
84,75.0,-86.60052766998609,33.74536903689886,P1,3
85,76.0,-86.59893343111206,33.746606356621946,P1,3
86,77.0,-86.5984337443009,33.74751055180417,P1,3
87,78.0,-86.59774370060914,33.74691568655271,P1,3
88,79.0,-86.59393656299993,33.74772470329469,P1,3
89,80.0,-86.59312754625792,33.748747871527144,P1,3
90,81.0,-86.59205678880535,33.7501755481307,P1,3
91,82.0,-86.59148571816387,33.74981862897977,P1,3
92,83.0,-86.59134295050355,33.747748497904695,P1,3
93,84.0,-86.59153330738388,33.74643979435149,P1,3
94,85.0,-86.59091464752254,33.74265645135227,P1,3
95,86.0,-86.59015322000063,33.738587573032305,P1,3
96,87.0,-86.58984389006973,33.73694574493823,P1,3
97,88.0,-86.5889634894977,33.7369933341584,P1,3
98,89.0,-86.5890348733278,33.73975350892505,P1,3
99,90.0,-86.58998665773017,33.7434654680942,P1,3
100,91.0,-86.59029598766097,33.746701535062016,P1,3
101,92.0,-86.59062911220173,33.75041349423122,P1,3
102,93.0,-86.58908246254805,33.75119871636315,P1,3
103,94.0,-86.58584639558,33.75119871636315,P1,3
104,95.0,-86.58383029809862,33.75053147583935,P1,3
105,96.0,-86.58117838880764,33.74832095656507,P1,3
106,97.0,-86.5799981761487,33.747854582207815,P1,3
107,98.0,-86.5788227224118,33.747273993722445,P1,3
108,99.0,-86.57882748133396,33.74697418163578,P1,3
109,100.0,-86.57860381199936,33.7469027978056,P1,3
110,101.0,-86.57847532110496,33.74697418163578,P1,3
111,102.0,-86.57847056218299,33.747126467139985,P1,3
112,103.0,-86.57984113172239,33.750284805048516,P1,3
113,104.0,-86.58060255924431,33.75247390917389,P1,3
114,105.0,-86.5803170239235,33.75409194265779,P1,3
115,106.0,-86.57822309823848,33.75437747797855,P1,3
116,107.0,-86.57403524686804,33.75604310068263,P1,3
117,108.0,-86.56913355719615,33.75651899288368,P1,3
118,109.0,-86.56818177279371,33.758470150908515,P1,3
119,110.0,-86.56532641958677,33.76042130893336,P1,3
120,111.0,-86.56584990100805,33.76137309333558,P1,3
121,112.0,-86.5708467691203,33.76004059517237,P1,3
122,113.0,-86.5757008695723,33.75813702636776,P1,3
123,114.0,-86.57741408149643,33.75837497246829,P1,3
124,115.0,-86.58412416153294,33.75785149104701,P1,3
125,116.0,-86.58902585120485,33.75585274380217,P1,3
126,117.0,-86.59230950739288,33.7515697139915,P1,3
127,118.0,-86.59549798514065,33.74919025298567,P1,3
128,119.0,-86.59802021380688,33.74919025298567,P1,3
129,120.0,-86.59916235508966,33.75118900023074,P1,3
130,0.0,-86.58415886788237,33.70477298309523,P4,1
131,1.0,-86.58426883778345,33.70483296218157,P4,1
132,2.0,-86.58439070570654,33.70486537873087,P4,1
133,3.0,-86.58415886788237,33.70477298309523,P4,1
134,0.0,-86.57031578628856,33.73530691742621,P4,3
135,1.0,-86.57255247963411,33.736020755727914,P4,3
136,2.0,-86.57550301128124,33.73606834494791,P4,3
137,3.0,-86.57802523994741,33.736829772469825,P4,3
138,4.0,-86.57883425668945,33.73954235801642,P4,3
139,5.0,-86.57707345554508,33.741588694481486,P4,3
140,6.0,-86.5789675065057,33.74451543151861,P4,3
141,7.0,-86.57946719331693,33.74607159901655,P4,3
142,8.0,-86.57842374767166,33.74685326563406,P4,3
143,9.0,-86.57887537079517,33.74699525320705,P4,3
144,10.0,-86.57925780074856,33.7470718649368,P4,3
145,11.0,-86.58110426248895,33.74607308617965,P4,3
146,12.0,-86.58044991071239,33.742265948570264,P4,3
147,13.0,-86.58107451922643,33.737417796770956,P4,3
148,14.0,-86.58030119439951,33.73491936271483,P4,3
149,15.0,-86.5758694482762,33.73384860526221,P4,3
150,16.0,-86.57111052626453,33.733491686111215,P4,3
151,17.0,-86.56513213048744,33.733759375474555,P4,3
152,18.0,-86.56272292621891,33.732896820859764,P4,3
153,19.0,-86.56269318295631,33.73030915701605,P4,3
154,20.0,-86.5612952496154,33.72894096693767,P4,3
155,21.0,-86.56307984536976,33.72662099245707,P4,3
156,22.0,-86.56444803544815,33.72519331585346,P4,3
157,23.0,-86.56629211772764,33.72355743641191,P4,3
158,24.0,-86.57143770215276,33.72147540803184,P4,3
159,25.0,-86.57533406954985,33.719512352702,P4,3
160,26.0,-86.58095554617609,33.714009849126,P4,3
161,27.0,-86.58461396747259,33.7114519285447,P4,3
162,28.0,-86.58613087386391,33.71029194130438,P4,3
163,29.0,-86.58803444266846,33.708418115762356,P4,3
164,30.0,-86.59014621431118,33.70761504767285,P4,3
165,31.0,-86.59219849942865,33.70490841077867,P4,3
166,32.0,-86.59148466112686,33.704254059002146,P4,3
167,33.0,-86.59056261998717,33.704789437728444,P4,3
168,34.0,-86.58970006537265,33.70541404624248,P4,3
169,35.0,-86.58743957741699,33.70648480369516,P4,3
170,36.0,-86.5860416440761,33.70654429022017,P4,3
171,37.0,-86.58532780577428,33.705533019292716,P4,3
172,38.0,-86.587647780255,33.70392688311381,P4,3
173,39.0,-86.58657702280243,33.702261260409735,P4,3
174,40.0,-86.5844652511597,33.7020233143092,P4,3
175,41.0,-86.58476268378553,33.698483866063036,P4,3
176,42.0,-86.58342423696968,33.69592594548175,P4,3
177,43.0,-86.58152066816496,33.69586645895657,P4,3
178,44.0,-86.5809852894388,33.69741310861042,P4,3
179,45.0,-86.58089962884247,33.69862752602131,P4,3
180,46.0,-86.58148497625002,33.69978394407008,P4,3
181,47.0,-86.58182761863479,33.701425772164214,P4,3
182,48.0,-86.58228209568688,33.7025322215319,P4,3
183,49.0,-86.58234158221201,33.702862966611576,P4,3
184,50.0,-86.58276036734907,33.70440961626542,P4,3
185,51.0,-86.58218929670761,33.70569452520857,P4,3
186,52.0,-86.58192755599708,33.70745532635294,P4,3
187,53.0,-86.58330764338041,33.70819295926464,P4,3
188,54.0,-86.5828793403993,33.70918043558208,P4,3
189,55.0,-86.57731140164577,33.7123927079399,P4,3
190,56.0,-86.57231453353342,33.71798444130371,P4,3
191,57.0,-86.56265392184973,33.721743989692925,P4,3
192,58.0,-86.55832330281919,33.72407586147852,P4,3
193,59.0,-86.55768084834766,33.722005730403446,P4,3
194,60.0,-86.55594384181336,33.72183916813316,P4,3
195,61.0,-86.55542036039202,33.72362376388753,P4,3
196,62.0,-86.55532518195179,33.72671706319505,P4,3
197,63.0,-86.55446857598969,33.72762125837727,P4,3
198,64.0,-86.55230326647438,33.72793058830803,P4,3
199,65.0,-86.5522080880342,33.728477864339425,P4,3
200,66.0,-86.55277915867565,33.72912031881094,P4,3
201,67.0,-86.55480170053056,33.72912031881094,P4,3
202,68.0,-86.55658629628495,33.72945344335187,P4,3
203,69.0,-86.55856124891977,33.729572416402114,P4,3
204,70.0,-86.56013169318355,33.73040522775409,P4,3
205,71.0,-86.56120245063629,33.73188049357771,P4,3
206,72.0,-86.56075035304514,33.73266571570963,P4,3
207,73.0,-86.56122624524626,33.73461687373447,P4,3
208,74.0,-86.56220182425864,33.73537830125622,P4,3
209,75.0,-86.56508097207569,33.73564004196692,P4,3
210,76.0,-86.5669607462703,33.73564004196692,P4,3
211,77.0,-86.56834083365379,33.73516414976575,P4,3
212,78.0,-86.57031578628856,33.73530691742621,P4,3
213,0.0,-86.5646796329275,33.679688668522374,P3,2
214,1.0,-86.56482495557579,33.67969626797131,P3,2
215,2.0,-86.56503717754974,33.67971140961481,P3,2
216,3.0,-86.5646796329275,33.679688668522374,P3,2
217,0.0,-86.57411792334011,33.70508360385099,P3,3
218,1.0,-86.57777634463656,33.70564872583981,P3,3
219,2.0,-86.58131579288279,33.70594615846557,P3,3
220,3.0,-86.58264829104598,33.70375229541827,P3,3
221,4.0,-86.58268469679939,33.70365065277565,P3,3
222,5.0,-86.58236346956356,33.7028059441185,P3,3
223,6.0,-86.58054318189409,33.702704817025854,P3,3
224,7.0,-86.57855038330172,33.703198555184485,P3,3
225,8.0,-86.57600436002559,33.70279206392945,P3,3
226,9.0,-86.57481462952269,33.701269208885606,P3,3
227,10.0,-86.57462427264215,33.69831867723832,P3,3
228,11.0,-86.57333936369896,33.69931805086077,P3,3
229,12.0,-86.57076954581267,33.6971289467354,P3,3
230,13.0,-86.56386910889574,33.69541573481126,P3,3
231,14.0,-86.55787286716105,33.69717653595563,P3,3
232,15.0,-86.55444644331276,33.70055537058386,P3,3
233,16.0,-86.55082966258385,33.70164992264654,P3,3
234,17.0,-86.55106760868445,33.698746980219475,P3,3
235,18.0,-86.55106760868445,33.69532055637103,P3,3
236,19.0,-86.55297117748906,33.68875324399494,P3,3
237,20.0,-86.55206698230694,33.68513646326602,P3,3
238,21.0,-86.55154350088554,33.68266182381996,P3,3
239,22.0,-86.55387537267131,33.68213834239873,P3,3
240,23.0,-86.55520787083452,33.68318530524135,P3,3
241,24.0,-86.5547319786334,33.68518405248619,P3,3
242,25.0,-86.55554099537535,33.68794422725301,P3,3
243,26.0,-86.55839634858238,33.68727797817132,P3,3
244,27.0,-86.56044268504745,33.68508887404597,P3,3
245,28.0,-86.56800937104595,33.67909263231121,P3,3
246,29.0,-86.56739071118437,33.676808349745606,P3,3
247,30.0,-86.56467812563774,33.67642763598479,P3,3
248,31.0,-86.56248902151236,33.677617366487716,P3,3
249,32.0,-86.55925295454455,33.676142100664094,P3,3
250,33.0,-86.55696867197895,33.676142100664094,P3,3
251,34.0,-86.55649277977768,33.67695111740608,P3,3
252,35.0,-86.55449403253289,33.676808349745606,P3,3
253,36.0,-86.55278201033913,33.67813370952592,P3,3
254,37.0,-86.55106879841486,33.678708349358715,P3,3
255,38.0,-86.5495554612152,33.67962206238502,P3,3
256,39.0,-86.54912715823406,33.68100690869039,P3,3
257,40.0,-86.54650499220566,33.68277722767886,P3,3
258,41.0,-86.5438875850993,33.68254879942225,P3,3
259,42.0,-86.54253605124791,33.682720120614704,P3,3
260,43.0,-86.54218864994107,33.6831484235957,P3,3
261,44.0,-86.54141294565324,33.684481516624196,P3,3
262,45.0,-86.54016372862509,33.686176882590765,P3,3
263,46.0,-86.54031244493797,33.68879428969728,P3,3
264,47.0,-86.54016372862509,33.69019222303825,P3,3
265,48.0,-86.53971757968651,33.69194707553004,P3,3
266,49.0,-86.53962834989885,33.69355321170895,P3,3
267,50.0,-86.53972114887802,33.69548890323722,P3,3
268,51.0,-86.53931664050714,33.69556980491137,P3,3
269,52.0,-86.53903586410831,33.69577443855798,P3,3
270,53.0,-86.53898113650524,33.6959219651402,P3,3
271,54.0,-86.5387860207028,33.696055214956516,P3,3
272,55.0,-86.53893116782422,33.69610280417675,P3,3
273,56.0,-86.5384105417561,33.69625984860312,P3,3
274,57.0,-86.53802982799522,33.69725922222551,P3,3
275,58.0,-86.53826301517375,33.69927177034424,P3,3
276,59.0,-86.53869131815476,33.69960013596307,P3,3
277,60.0,-86.5394622635207,33.69964296626131,P3,3
278,61.0,-86.53976207560743,33.69911472591792,P3,3
279,62.0,-86.53990484326778,33.69777270991062,P3,3
280,63.0,-86.53973352207537,33.69660201509572,P3,3
281,64.0,-86.54033314624876,33.6964449706694,P3,3
282,65.0,-86.54138962693544,33.696687675692026,P3,3
283,66.0,-86.54370246303301,33.69645924743531,P3,3
284,67.0,-86.54296007119923,33.69794403110302,P3,3
285,68.0,-86.5421462955353,33.69922894004623,P3,3
286,69.0,-86.54271736617666,33.70115630346083,P3,3
287,70.0,-86.54223195613146,33.702541149766375,P3,3
288,71.0,-86.54300290149746,33.70453989701127,P3,3
289,72.0,-86.54541567495733,33.70535367267519,P3,3
290,73.0,-86.55098361371086,33.704582727309344,P3,3
291,74.0,-86.55407096436608,33.70285285915804,P3,3
292,75.0,-86.55933552184138,33.69984878963811,P3,3
293,76.0,-86.56834773040106,33.70014622226387,P3,3
294,77.0,-86.57114359708281,33.70276362937039,P3,3
295,78.0,-86.57411792334011,33.70508360385099,P3,3
296,0.0,-86.61274168717155,33.765622617034246,P2,1
297,1.0,-86.61275202685721,33.76562719662631,P2,1
298,2.0,-86.6127650486013,33.76561419940633,P2,1
299,3.0,-86.61279226793634,33.76558108505267,P2,1
300,4.0,-86.61285921121296,33.76549756998996,P2,1
301,5.0,-86.6128420357592,33.76545847641163,P2,1
302,6.0,-86.61281705235767,33.76545835741638,P2,1
303,7.0,-86.61281966077928,33.7654421875175,P2,1
304,8.0,-86.61280831888716,33.76536888038495,P2,1
305,9.0,-86.61284575318018,33.765291889723265,P2,1
306,10.0,-86.61284459775898,33.76527396389633,P2,1
307,11.0,-86.61284820761185,33.765162023830825,P2,1
308,12.0,-86.61282794542227,33.76508804997605,P2,1
309,13.0,-86.61279856346846,33.76502535555129,P2,1
310,14.0,-86.61277382559065,33.76501979131717,P2,1
311,15.0,-86.61274168717155,33.765622617034246,P2,1
312,0.0,-86.61495527224916,33.75548398424548,P2,2
313,1.0,-86.6148061072913,33.75566375707684,P2,2
314,2.0,-86.61459571577238,33.756081913054054,P2,2
315,3.0,-86.61495527224916,33.75548398424548,P2,2
316,0.0,-86.6098584288877,33.76838794266905,P2,3
317,1.0,-86.60965617470232,33.76955982721455,P2,3
318,2.0,-86.60916838519621,33.7708685307677,P2,3
319,3.0,-86.60949556108437,33.77142770410416,P2,3
320,4.0,-86.61001309385334,33.77035397232527,P2,3
321,5.0,-86.61066744562994,33.76818271415738,P2,3
322,6.0,-86.60977514775264,33.765684280101254,P2,3
323,7.0,-86.610310526479,33.76550582052579,P2,3
324,8.0,-86.61158948676973,33.7659519694646,P2,3
325,9.0,-86.61289819032282,33.76589248293936,P2,3
326,10.0,-86.6137607449374,33.76550582052579,P2,3
327,11.0,-86.6145340697643,33.76565453683867,P2,3
328,12.0,-86.61530739459124,33.76636837514053,P2,3
329,13.0,-86.61619969246846,33.765535563788426,P2,3
330,14.0,-86.6168243009825,33.76565453683867,P2,3
331,15.0,-86.61765711233448,33.76523813116268,P2,3
332,16.0,-86.61962016766432,33.7659519694646,P2,3
333,17.0,-86.6209883577427,33.765535563788426,P2,3
334,18.0,-86.62167245278192,33.764791982224104,P2,3
335,19.0,-86.62134527689358,33.76235303469304,P2,3
336,20.0,-86.61878735631235,33.76217457511774,P2,3
337,21.0,-86.61810326127306,33.760836128301946,P2,3
338,22.0,-86.61881709957487,33.75801051835754,P2,3
339,23.0,-86.61730019318361,33.750961365127694,P2,3
340,24.0,-86.60980489101519,33.74986086441243,P2,3
341,25.0,-86.61325510947377,33.74355529274692,P2,3
342,26.0,-86.613029060678,33.74069399088745,P2,3
343,27.0,-86.61301716337307,33.73952508066833,P2,3
344,28.0,-86.61291306195405,33.73944774818551,P2,3
345,29.0,-86.61208917358067,33.739477491448156,P2,3
346,30.0,-86.60982868562519,33.74081593826395,P2,3
347,31.0,-86.60813331965845,33.74188669571657,P2,3
348,32.0,-86.60822254944624,33.74408769714694,P2,3
349,33.0,-86.6079846033457,33.74923328157217,P2,3
350,34.0,-86.60670564305497,33.75250504045516,P2,3
351,35.0,-86.60611077780352,33.75634192132702,P2,3
352,36.0,-86.60599180475332,33.75815626034404,P2,3
353,37.0,-86.6066164132673,33.76142801922703,P2,3
354,38.0,-86.6065569267421,33.76282595256805,P2,3
355,39.0,-86.6098584288877,33.76838794266905,P2,3
356,0.0,-86.61148183381954,33.694750776127485,P5,1
357,1.0,-86.61166029348772,33.69235941765305,P5,1
358,2.0,-86.61348058156359,33.69171696356705,P5,1
359,3.0,-86.6157291717638,33.69325171509462,P5,1
360,4.0,-86.61690700485434,33.691538503898876,P5,1
361,5.0,-86.61936974701617,33.68911145313109,P5,1
362,6.0,-86.61854883326203,33.688005003727994,P5,1
363,7.0,-86.61540794472086,33.68989667549124,P5,1
364,8.0,-86.61280243518421,33.68907576173706,P5,1
365,9.0,-86.6124812072419,33.687184089973805,P5,1
366,10.0,-86.61198152053072,33.685613645253575,P5,1
367,11.0,-86.61001846508009,33.68493549887421,P5,1
368,12.0,-86.61087507112757,33.68368628209629,P5,1
369,13.0,-86.61240982355446,33.681187848540446,P5,1
370,14.0,-86.61344488927017,33.68004570684394,P5,1
371,15.0,-86.61187444454994,33.6770475856776,P5,1
372,16.0,-86.61294520255898,33.67490607145811,P5,1
373,17.0,-86.61640731814316,33.67512022252032,P5,1
374,18.0,-86.61922697964138,33.67654789896642,P5,1
375,19.0,-86.62186818147137,33.67751158099475,P5,1
376,20.0,-86.6229389385811,33.679581712426106,P5,1
377,21.0,-86.62190387286542,33.68125923222782,P5,1
378,22.0,-86.62358139356644,33.68147338329004,P5,1
379,23.0,-86.62475922665692,33.68208014598201,P5,1
380,24.0,-86.62647243785267,33.68250844900575,P5,1
381,25.0,-86.62747181217433,33.68046211273639,P5,1
382,26.0,-86.6318024309374,33.67498935227684,P5,1
383,27.0,-86.62728145537483,33.67299060543212,P5,1
384,28.0,-86.6297085052433,33.671229803912354,P5,1
385,29.0,-86.63294457263392,33.67208640995989,P5,1
386,30.0,-86.63384876720683,33.67284783715803,P5,1
387,31.0,-86.63504563624706,33.673667562008404,P5,1
388,32.0,-86.63456022627338,33.674224355669544,P5,1
389,33.0,-86.63412478443121,33.67486680975554,P5,1
390,34.0,-86.63326817928301,33.67755917041944,P5,1
391,35.0,-86.6306507717157,33.680581085848466,P5,1
392,36.0,-86.62969898771809,33.682698805805266,P5,1
393,37.0,-86.62789059677357,33.6854589807474,P5,1
394,38.0,-86.62612979615312,33.68731496021729,P5,1
395,39.0,-86.62363136169796,33.68855227986387,P5,1
396,40.0,-86.62501144961868,33.68874263666339,P5,1
397,41.0,-86.6291993010069,33.68838571732704,P5,1
398,42.0,-86.63262572429771,33.68824294995221,P5,1
399,43.0,-86.63448170376756,33.68836192306435,P5,1
400,44.0,-86.63519792204642,33.688365492473565,P5,1
401,45.0,-86.63526038266049,33.68921614950574,P5,1
402,46.0,-86.63507299991898,33.689760451583645,P5,1
403,47.0,-86.63544776540203,33.69485249754479,P5,1
404,48.0,-86.63381783412571,33.69576859014836,P5,1
405,49.0,-86.63221169801142,33.69667278562059,P5,1
406,50.0,-86.63163111008758,33.6969464232389,P5,1
407,51.0,-86.63152879331909,33.69725099483759,P5,1
408,52.0,-86.63145978833853,33.697724507679936,P5,1
409,53.0,-86.63115521763916,33.69763884635575,P5,1
410,54.0,-86.63032716506659,33.6972367181001,P5,1
411,55.0,-86.63030812911683,33.6969369057137,P5,1
412,56.0,-86.6311439149597,33.69607078214091,P5,1
413,57.0,-86.6310368389789,33.69584949226032,P5,1
414,58.0,-86.63029444773052,33.69584235344189,P5,1
415,59.0,-86.62998749742502,33.6952998365183,P5,1
416,60.0,-86.63046338897419,33.69445512760211,P5,1
417,61.0,-86.63139613792141,33.69449319950161,P5,1
418,62.0,-86.63156745877113,33.69228505900833,P5,1
419,63.0,-86.63050146087367,33.69118098921132,P5,1
420,64.0,-86.63004460437496,33.69283709435649,P5,1
421,65.0,-86.62918799832745,33.693293950855214,P5,1
422,66.0,-86.62741767928242,33.69245638075739,P5,1
423,67.0,-86.62503821793939,33.69245638075739,P5,1
424,68.0,-86.622525507646,33.691733024559475,P5,1
425,69.0,-86.62090747350108,33.691999524258684,P5,1
426,70.0,-86.61894679765658,33.69310359405568,P5,1
427,71.0,-86.61763333511027,33.695045233950445,P5,1
428,72.0,-86.61491123206764,33.69719626659446,P5,1
429,73.0,-86.61138962992744,33.69889044273981,P5,1
430,74.0,-86.61095359363337,33.699186091265176,P5,1
431,75.0,-86.61041583502269,33.69836755621782,P5,1
432,76.0,-86.6107323037528,33.69771320500047,P5,1
433,77.0,-86.61148183381954,33.694750776127485,P5,1
434,0.0,-86.57532475283506,33.61441825339972,P58,1
435,1.0,-86.57715084513535,33.61248148962909,P58,1
436,2.0,-86.57893310178116,33.61148401467557,P58,1
437,3.0,-86.57977901668824,33.61146352991801,P58,1
438,4.0,-86.58026941789926,33.61145165347108,P58,1
439,5.0,-86.58049795811422,33.6116775856521,P58,1
440,6.0,-86.58057442656849,33.61175318176396,P58,1
441,7.0,-86.58055895283337,33.611847719396785,P58,1
442,8.0,-86.58048356896148,33.612308259518606,P58,1
443,9.0,-86.57966265520737,33.6132005578595,P58,1
444,10.0,-86.57969834660139,33.61373593596471,P58,1
445,11.0,-86.58094756427862,33.61441408234407,P58,1
446,12.0,-86.58129425382673,33.61433407775553,P58,1
447,13.0,-86.58187555401354,33.61419993128186,P58,1
448,14.0,-86.58277283369927,33.61372681953713,P58,1
449,15.0,-86.58383860946422,33.61316486556615,P58,1
450,16.0,-86.5843392251751,33.61278439748202,P58,1
451,17.0,-86.58523059361698,33.612183338290485,P58,1
452,18.0,-86.58651063735601,33.611564185638706,P58,1
453,19.0,-86.58722934136097,33.61123750240887,P58,1
454,20.0,-86.5883287418779,33.611319430647264,P58,1
455,21.0,-86.58893743901156,33.610212708749536,P58,1
456,22.0,-86.58971214469965,33.60888464121325,P58,1
457,23.0,-86.59153823700001,33.60833128026445,P58,1
458,24.0,-86.59303231219143,33.60860796118851,P58,1
459,25.0,-86.59397302643394,33.60916132213737,P58,1
460,26.0,-86.59452638738281,33.60888464121325,P58,1
461,27.0,-86.59424970735806,33.607556574576336,P58,1
462,28.0,-86.5932536569307,33.60667119651856,P58,1
463,29.0,-86.59275563216663,33.60534312988159,P58,1
464,30.0,-86.59292163982178,33.6040150623453,P58,1
465,31.0,-86.59358567403963,33.60169094528095,P58,1
466,32.0,-86.59474773212212,33.599643509140655,P58,1
467,33.0,-86.59629714349836,33.59848145015883,P58,1
468,34.0,-86.59734853011055,33.599034812007005,P58,1
469,35.0,-86.59862126056271,33.600252206274384,P58,1
470,36.0,-86.60072403378712,33.600418214828785,P58,1
471,37.0,-86.60232878134815,33.59986485387998,P58,1
472,38.0,-86.6040995365643,33.5993114920318,P58,1
473,39.0,-86.60487424225245,33.597651408285905,P58,1
474,40.0,-86.60531693173095,33.595659308330475,P58,1
475,41.0,-86.60675567073757,33.593445863635736,P58,1
476,42.0,-86.60957781346531,33.59056838472321,P58,1
477,43.0,-86.61356201427549,33.587635570525215,P58,1
478,44.0,-86.61693751705275,33.586252167703435,P58,1
479,45.0,-86.62108772641739,33.585809478224924,P58,1
480,46.0,-86.62379919677545,33.58542212583052,P58,1
481,47.0,-86.62517523504904,33.587793620079545,P58,1
482,48.0,-86.62527193914866,33.587957979277355,P58,1
483,49.0,-86.6249899171509,33.58801167419944,P58,1
484,50.0,-86.62472611811579,33.588061899537074,P58,1
485,51.0,-86.62329255111031,33.588334841080105,P58,1
486,52.0,-86.6223621511923,33.588736575432684,P58,1
487,53.0,-86.62166662091778,33.589042816173105,P58,1
488,54.0,-86.62098847453842,33.58975665484581,P58,1
489,55.0,-86.62029843102772,33.590720335974765,P58,1
490,56.0,-86.61943531478788,33.59170475996677,P58,1
491,57.0,-86.61834727270843,33.592778570274845,P58,1
492,58.0,-86.61724746210064,33.59319691240762,P58,1
493,59.0,-86.61557057002572,33.59383476196473,P58,1
494,60.0,-86.61480663461846,33.59412534550836,P58,1
495,61.0,-86.61362936360422,33.59498377178369,P58,1
496,62.0,-86.61206549562608,33.59612409235302,P58,1
497,63.0,-86.6112661853861,33.596370033550265,P58,1
498,64.0,-86.61058071223005,33.59658094885174,P58,1
499,65.0,-86.60989542703231,33.597209126200255,P58,1
500,66.0,-86.61052360438076,33.59800862529789,P58,1
501,67.0,-86.6105165869709,33.59936685969285,P58,1
502,68.0,-86.61050614584191,33.59994329994339,P58,1
503,69.0,-86.61000964093216,33.600806871240195,P58,1
504,70.0,-86.60917445044048,33.60167727828383,P58,1
505,71.0,-86.60879019710991,33.6018266430852,P58,1
506,72.0,-86.60876232981764,33.601833059747946,P58,1
507,73.0,-86.6087654504651,33.601853173984864,P58,1
508,74.0,-86.60878407002878,33.60232041585453,P58,1
509,75.0,-86.60827713208391,33.603860671233065,P58,1
510,76.0,-86.6081845945434,33.60404960080848,P58,1
511,77.0,-86.60877649413987,33.604799049936275,P58,1
512,78.0,-86.60905967086704,33.605157600642826,P58,1
513,79.0,-86.6098734467022,33.60557162692908,P58,1
514,80.0,-86.61093420425009,33.60544191231446,P58,1
515,81.0,-86.61095906151144,33.60627292185791,P58,1
516,82.0,-86.60940339714905,33.60682399583078,P58,1
517,83.0,-86.60867766134498,33.606966764104925,P58,1
518,84.0,-86.60761285325054,33.6074486046694,P58,1
519,85.0,-86.60729757432358,33.607585423928235,P58,1
520,86.0,-86.60553677280376,33.60860859161329,P58,1
521,87.0,-86.60444222143133,33.60915586774917,P58,1
522,88.0,-86.60426554511879,33.60965934690137,P58,1
523,89.0,-86.60413923623672,33.61047448610867,P58,1
524,90.0,-86.60425527935763,33.61132971529417,P58,1
525,91.0,-86.60420059787924,33.61137385491952,P58,1
526,92.0,-86.60414591640091,33.611417995444185,P58,1
527,93.0,-86.60406354569601,33.61146693565064,P58,1
528,94.0,-86.6037168822283,33.611574986496464,P58,1
529,95.0,-86.60271613374255,33.61187279249543,P58,1
530,96.0,-86.60155407566003,33.612260144889824,P58,1
531,97.0,-86.60101712374126,33.61191140218949,P58,1
532,98.0,-86.60037428294676,33.61120740839522,P58,1
533,99.0,-86.59937198672777,33.61034401156695,P58,1
534,100.0,-86.59887705832955,33.610210762616646,P58,1
535,101.0,-86.59803948823173,33.61015365476743,P58,1
536,102.0,-86.59642145498611,33.61055340431619,P58,1
537,103.0,-86.59444174319185,33.6116955460127,P58,1
538,104.0,-86.59377549394384,33.611923973812395,P58,1
539,105.0,-86.5929569597958,33.61331357925832,P58,1
540,106.0,-86.59240635796705,33.613714016788485,P58,1
541,107.0,-86.59235985312466,33.61374783849203,P58,1
542,108.0,-86.59232878154802,33.61377043575703,P58,1
543,109.0,-86.59190999694874,33.61396079255661,P58,1
544,110.0,-86.59147264764454,33.61406075849726,P58,1
545,111.0,-86.58914577685606,33.61447660051476,P58,1
546,112.0,-86.58792630335621,33.6152201815662,P58,1
547,113.0,-86.58663801103535,33.61594728344045,P58,1
548,114.0,-86.58594928862873,33.616742371363394,P58,1
549,115.0,-86.58467655817655,33.6177937570763,P58,1
550,116.0,-86.58163307070959,33.61906648842773,P58,1
551,117.0,-86.57930895364522,33.61906648842773,P58,1
552,118.0,-86.57731685368981,33.61895581605813,P58,1
553,119.0,-86.57593345086805,33.61812577418516,P58,1
554,120.0,-86.57515874517992,33.616742371363394,P58,1
555,121.0,-86.57532475283506,33.61441825339972,P58,1
556,0.0,-86.58416749963037,33.631819185307215,P59,1
557,1.0,-86.58424524512189,33.62940905438438,P59,1
558,2.0,-86.58506158042756,33.62762089279005,P59,1
559,3.0,-86.58607227991179,33.62703779665702,P59,1
560,4.0,-86.58747171135036,33.627426526812826,P59,1
561,5.0,-86.5888322686942,33.62816511572754,P59,1
562,6.0,-86.58970171706056,33.628952894860284,P59,1
563,7.0,-86.59029599986047,33.62945607453827,P59,1
564,8.0,-86.59032387164932,33.62948651748883,P59,1
565,9.0,-86.59073671982372,33.629342802228564,P59,1
566,10.0,-86.59114956799813,33.62919908696836,P59,1
567,11.0,-86.59170529955986,33.62878856623939,P59,1
568,12.0,-86.59246757302004,33.62793661328413,P59,1
569,13.0,-86.59306943530619,33.627426526812826,P59,1
570,14.0,-86.59376915012615,33.62746540000825,P59,1
571,15.0,-86.59415788118122,33.62769863918089,P59,1
572,16.0,-86.59442999265,33.62843722719634,P59,1
573,17.0,-86.59446886584543,33.62929243479806,P59,1
574,18.0,-86.59452684423843,33.62993249309011,P59,1
575,19.0,-86.59452727141638,33.63040858698673,P59,1
576,20.0,-86.59507797666727,33.631062549696935,P59,1
577,21.0,-86.59536341069281,33.631401502377464,P59,1
578,22.0,-86.59620272547535,33.631783009178605,P59,1
579,23.0,-86.59699561635455,33.63216904316687,P59,1
580,24.0,-86.59750096609667,33.63244115463561,P59,1
581,25.0,-86.59823955501139,33.63310199715949,P59,1
582,26.0,-86.59862828606651,33.63372396648793,P59,1
583,27.0,-86.59874490475352,33.634307062620906,P59,1
584,28.0,-86.59893927073074,33.635278889808944,P59,1
585,29.0,-86.59874490475352,33.63667832034827,P59,1
586,30.0,-86.5987060315581,33.63796113220053,P59,1
587,31.0,-86.59878377794894,33.639127325365855,P59,1
588,32.0,-86.59893927073074,33.63971042149882,P59,1
589,33.0,-86.59888519539543,33.64016126423098,P59,1
590,34.0,-86.59923997704328,33.641058911739435,P59,1
591,35.0,-86.59937263154166,33.64108597863503,P59,1
592,36.0,-86.59939181857754,33.64112727100678,P59,1
593,37.0,-86.5993328563262,33.641211811775754,P59,1
594,38.0,-86.59902705535427,33.64165854370685,P59,1
595,39.0,-86.59879353739183,33.642028401589535,P59,1
596,40.0,-86.59849260714806,33.642505029683434,P59,1
597,41.0,-86.59826995479455,33.642857678139364,P59,1
598,42.0,-86.59737945239976,33.64328557916622,P59,1
599,43.0,-86.59699523504202,33.64357689475793,P59,1
600,44.0,-86.59645139341706,33.644414063758056,P59,1
601,45.0,-86.59610153555741,33.64503603308651,P59,1
602,46.0,-86.59598491597103,33.64585236839213,P59,1
603,47.0,-86.59563505811138,33.64666870279842,P59,1
604,48.0,-86.59519251881966,33.647534080833225,P59,1
605,49.0,-86.59482796064184,33.64827470941037,P59,1
606,50.0,-86.59454661223634,33.64861235717461,P59,1
607,51.0,-86.59417993975241,33.64892448937371,P59,1
608,52.0,-86.59324566285706,33.649474064176786,P59,1
609,53.0,-86.59274675226078,33.649767540839385,P59,1
610,54.0,-86.59219907232928,33.65066295443188,P59,1
611,55.0,-86.5912812737118,33.6512168531753,P59,1
612,56.0,-86.59011508054647,33.651566711034945,P59,1
613,57.0,-86.58821029936581,33.65160558423037,P59,1
614,58.0,-86.58677199563107,33.651527837839524,P59,1
615,59.0,-86.58552805697424,33.65137234595704,P59,1
616,60.0,-86.58451735659071,33.65067263023775,P59,1
617,61.0,-86.58397313365316,33.6500506609093,P59,1
618,62.0,-86.58397313365316,33.64888446864336,P59,1
619,63.0,-86.5844007379037,33.64764052998652,P59,1
620,64.0,-86.58525594550542,33.645735748805805,P59,1
621,65.0,-86.5859167880293,33.64472504842229,P59,1
622,66.0,-86.5861888994981,33.64398646040689,P59,1
623,67.0,-86.58580016844297,33.64250928347673,P59,1
624,68.0,-86.58548918377875,33.640993233351075,P59,1
625,69.0,-86.58432299151279,33.639943659772136,P59,1
626,70.0,-86.58342891071563,33.639516055521604,P59,1
627,71.0,-86.58313870758526,33.63939469111216,P59,1
628,72.0,-86.5823742928393,33.639232349992994,P59,1
629,73.0,-86.58166000810286,33.639053690675325,P59,1
630,74.0,-86.58126123162049,33.63895394686722,P59,1
631,75.0,-86.58092888446043,33.63903401980423,P59,1
632,76.0,-86.58086298483887,33.63904989643561,P59,1
633,77.0,-86.5808505858858,33.639100382576665,P59,1
634,78.0,-86.58081412647074,33.63904333318334,P59,1
635,79.0,-86.58095202041937,33.63884640683625,P59,1
636,80.0,-86.58105927266729,33.638619352301305,P59,1
637,81.0,-86.58103357633844,33.63826299144392,P59,1
638,82.0,-86.58113539847983,33.63792225900511,P59,1
639,83.0,-86.5816796223167,33.63683381313001,P59,1
640,84.0,-86.58210722566788,33.63625071699704,P59,1
641,85.0,-86.58381764177072,33.6349290319493,P59,1
642,86.0,-86.5844007379037,33.6340349511521,P59,1
643,87.0,-86.58416749963037,33.631819185307215,P59,1
644,0.0,-86.64792288473329,33.704270951643146,P7,1
645,1.0,-86.64701868926106,33.703937826569465,P7,1
646,2.0,-86.64423472005626,33.70360470239513,P7,1
647,3.0,-86.64399677383197,33.7038426486194,P7,1
648,4.0,-86.6435961222632,33.703659385672154,P7,1
649,5.0,-86.6433676944635,33.70352375621644,P7,1
650,6.0,-86.64333438177624,33.70326677404245,P7,1
651,7.0,-86.6431097608068,33.7020910822377,P7,1
652,8.0,-86.64271001125799,33.70117736924027,P7,1
653,9.0,-86.64325252818163,33.701134539027805,P7,1
654,10.0,-86.6436237242554,33.7016199490015,P7,1
655,11.0,-86.64369510794285,33.70216246682446,P7,1
656,12.0,-86.64432328619068,33.70181982422554,P7,1
657,13.0,-86.6450085704891,33.70149145836416,P7,1
658,14.0,-86.64567957894941,33.701034601865445,P7,1
659,15.0,-86.64587945327412,33.70036359430446,P7,1
660,16.0,-86.64885377927845,33.69837912329797,P7,1
661,17.0,-86.65051940194883,33.697712874049955,P7,1
662,18.0,-86.65030525088656,33.69699903627657,P7,1
663,19.0,-86.64949623426378,33.696261403341175,P7,1
664,20.0,-86.6484730656794,33.69557135983047,P7,1
665,21.0,-86.64744989799436,33.69604725137958,P7,1
666,22.0,-86.6466170862095,33.69676109005229,P7,1
667,23.0,-86.64587945327412,33.69759390093782,P7,1
668,24.0,-86.64490387411446,33.69795082027417,P7,1
669,25.0,-86.64421383060375,33.697808052899354,P7,1
670,26.0,-86.64380932184271,33.697308366188224,P7,1
671,27.0,-86.64440418740325,33.69647555440338,P7,1
672,28.0,-86.6445945442028,33.69576171662999,P7,1
673,29.0,-86.64557012336245,33.694786137470324,P7,1
674,30.0,-86.64678364874634,33.69457198550879,P7,1
675,31.0,-86.64833624642063,33.69461957493348,P7,1
676,32.0,-86.64859251453287,33.69454271887145,P7,1
677,33.0,-86.64874813142109,33.69453272470554,P7,1
678,34.0,-86.64897084942508,33.6946369453388,P7,1
679,35.0,-86.64906507589252,33.69475972528113,P7,1
680,36.0,-86.64945768662291,33.695366487973104,P7,1
681,37.0,-86.64982174387836,33.69572340730946,P7,1
682,38.0,-86.6506569352693,33.69610888012079,P7,1
683,39.0,-86.65139218859859,33.69621595520221,P7,1
684,40.0,-86.65225593256521,33.696116018039845,P7,1
685,41.0,-86.6532124766744,33.69582334447182,P7,1
686,42.0,-86.6551148548666,33.69570942734822,P7,1
687,43.0,-86.65573946370523,33.69395457484381,P7,1
688,44.0,-86.65576920698328,33.69228895217344,P7,1
689,45.0,-86.6549661393758,33.690861275727336,P7,1
690,46.0,-86.65306257048121,33.68735157071848,P7,1
691,47.0,-86.65297334064712,33.68583466443829,P7,1
692,48.0,-86.654163070869,33.684853137162584,P7,1
693,49.0,-86.6550553692099,33.683455203095214,P7,1
694,50.0,-86.6559774099295,33.682205986317285,P7,1
695,51.0,-86.65734559981956,33.68152189182189,P7,1
696,52.0,-86.65853533094071,33.681611120756656,P7,1
697,53.0,-86.66070658843825,33.68122445904163,P7,1
698,54.0,-86.66177734644737,33.682741365321824,P7,1
699,55.0,-86.6615096569451,33.68458544766031,P7,1
700,56.0,-86.66091479138447,33.68592389427238,P7,1
701,57.0,-86.65785123554606,33.68645927327691,P7,1
702,58.0,-86.65624509943176,33.68663773294509,P7,1
703,59.0,-86.65630458598781,33.68732182744043,P7,1
704,60.0,-86.65698868048315,33.688630530774454,P7,1
705,61.0,-86.6577679547273,33.69013553992329,P7,1
706,62.0,-86.6577679547273,33.691920135705736,P7,1
707,63.0,-86.65769657014057,33.69456133753573,P7,1
708,64.0,-86.65762518645317,33.69577486291962,P7,1
709,65.0,-86.65990946894682,33.6962745496308,P7,1
710,66.0,-86.66083745868174,33.696417317005626,P7,1
711,67.0,-86.66112299433071,33.693776115175645,P7,1
712,68.0,-86.66226513602714,33.691063529658216,P7,1
713,69.0,-86.66476356958306,33.6922770550421,P7,1
714,70.0,-86.66476356958306,33.69498964055953,P7,1
715,71.0,-86.66440665024669,33.69648870069301,P7,1
716,72.0,-86.667690307062,33.69520379252105,P7,1
717,73.0,-86.67040289257939,33.69477548949732,P7,1
718,74.0,-86.67254440679892,33.69349058042599,P7,1
719,75.0,-86.67442894064304,33.6929670985528,P7,1
720,76.0,-86.6752855466906,33.69256259069107,P7,1
721,77.0,-86.67490483219223,33.69120629793236,P7,1
722,78.0,-86.6756900545523,33.68982621001163,P7,1
723,79.0,-86.67609456331344,33.68877924716457,P7,1
724,80.0,-86.67673701739936,33.68844612299023,P7,1
725,81.0,-86.67790295335855,33.688808990442624,P7,1
726,82.0,-86.67826582081095,33.68891606642336,P7,1
727,83.0,-86.67886663538691,33.68908262896019,P7,1
728,84.0,-86.68077615239746,33.68959421280272,P7,1
729,85.0,-86.68143982418849,33.69022142427934,P7,1
730,86.0,-86.68137319881401,33.69057834271638,P7,1
731,87.0,-86.68121139548947,33.69094478047731,P7,1
732,88.0,-86.6811257350646,33.69144446718849,P7,1
733,89.0,-86.6811447710143,33.691696690150195,P7,1
734,90.0,-86.68116380606476,33.69266275088529,P7,1
735,91.0,-86.6800216652676,33.6933052049713,P7,1
736,92.0,-86.67805860981696,33.69469719002336,P7,1
737,93.0,-86.67573863502996,33.69558948836425,P7,1
738,94.0,-86.67402542293492,33.69662455318064,P7,1
739,95.0,-86.67363281220446,33.69794515454532,P7,1
740,96.0,-86.6738588612974,33.69855191723724,P7,1
741,97.0,-86.6726453359135,33.69914678189849,P7,1
742,98.0,-86.67102730266781,33.699384728122766,P7,1
743,99.0,-86.66598284523207,33.69974164745912,P7,1
744,100.0,-86.66334402300821,33.70012474066431,P7,1
745,101.0,-86.66294546326246,33.700481660000655,P7,1
746,102.0,-86.66125009731411,33.700451916722606,P7,1
747,103.0,-86.66016521185503,33.699916537718074,P7,1
748,104.0,-86.65820215640434,33.698774396920946,P7,1
749,105.0,-86.6546686571328,33.698560244959374,P7,1
750,106.0,-86.65316959609993,33.69870301233419,P7,1
751,107.0,-86.65270560168214,33.699809461737345,P7,1
752,108.0,-86.65259852570135,33.701165754496,P7,1
753,109.0,-86.65238437463915,33.702307896192515,P7,1
754,110.0,-86.65227729865835,33.70327157822084,P7,1
755,111.0,-86.65211073612154,33.703854545750744,P7,1
756,112.0,-86.65167053596646,33.704175772793754,P7,1
757,113.0,-86.65094480016234,33.70402110828758,P7,1
758,114.0,-86.65005250272075,33.704068696812946,P7,1
759,115.0,-86.64899364274237,33.704413719017964,P7,1
760,116.0,-86.64792288473329,33.704270951643146,P7,1
761,0.0,-86.64073330859526,33.70649987546892,P8,1
762,1.0,-86.64051915753305,33.70521496639765,P8,1
763,2.0,-86.63962685919216,33.706107263839215,P8,1
764,3.0,-86.63830625872679,33.707178021848286,P8,1
765,4.0,-86.63702134965553,33.70739217291049,P8,1
766,5.0,-86.63670012261251,33.70946230434191,P8,1
767,6.0,-86.63559367320944,33.70928384467373,P8,1
768,7.0,-86.63480845084929,33.7081060115832,P8,1
769,8.0,-86.63393518845818,33.70769436490309,P8,1
770,9.0,-86.63353972238026,33.70731377001454,P8,1
771,10.0,-86.63352187623354,33.70730246733507,P8,1
772,11.0,-86.63346952849588,33.707249226570575,P8,1
773,12.0,-86.6318503054472,33.70627375982622,P8,1
774,13.0,-86.63343026679337,33.70497933233037,P8,1
775,14.0,-86.63588587103607,33.704712832631174,P8,1
776,15.0,-86.63737065443212,33.7044463338313,P8,1
777,16.0,-86.63599532572368,33.70411320875763,P8,1
778,17.0,-86.63349689216778,33.70273312173623,P8,1
779,18.0,-86.63164091269795,33.70061540088011,P8,1
780,19.0,-86.63018944108978,33.69833111838648,P8,1
781,20.0,-86.63139987280584,33.697609309022425,P8,1
782,21.0,-86.63139701745838,33.697505088389164,P8,1
783,22.0,-86.63149552739662,33.697450836786736,P8,1
784,23.0,-86.63171110658226,33.69687719702506,P8,1
785,24.0,-86.63298173891609,33.69636323267707,P8,1
786,25.0,-86.63482344164845,33.69524964535493,P8,1
787,26.0,-86.63587992202076,33.69469285169379,P8,1
788,27.0,-86.63750747369092,33.69357926347226,P8,1
789,28.0,-86.63879238276225,33.69238001572518,P8,1
790,29.0,-86.63996307703434,33.6908524012174,P8,1
791,30.0,-86.64006301509602,33.69040982145617,P8,1
792,31.0,-86.63880665949972,33.69033843776873,P8,1
793,32.0,-86.63722193804199,33.69023850060637,P8,1
794,33.0,-86.63590847549568,33.689910134744984,P8,1
795,34.0,-86.6354444810779,33.68962816850524,P8,1
796,35.0,-86.63525412427839,33.68957938927747,P8,1
797,36.0,-86.63519463772231,33.68948421132734,P8,1
798,37.0,-86.63521248296968,33.689222470840434,P8,1
799,38.0,-86.63566141014593,33.68863034191679,P8,1
800,39.0,-86.63609923159424,33.687868914718706,P8,1
801,40.0,-86.63667030199282,33.68733591532026,P8,1
802,41.0,-86.63777437178982,33.68611763162346,P8,1
803,42.0,-86.6385929059378,33.68488031197688,P8,1
804,43.0,-86.63939240503544,33.68425213372905,P8,1
805,44.0,-86.64152440262905,33.68438538357861,P8,1
806,45.0,-86.64373254222299,33.68449959837784,P8,1
807,46.0,-86.64575032501745,33.684785133127434,P8,1
808,47.0,-86.64698764466402,33.685525938871024,P8,1
809,48.0,-86.64677349360181,33.68695361531712,P8,1
810,49.0,-86.64427505914665,33.687738837677266,P8,1
811,50.0,-86.64177662559075,33.68738191834092,P8,1
812,51.0,-86.64070586758169,33.687310534653484,P8,1
813,52.0,-86.64027756455795,33.68859544372481,P8,1
814,53.0,-86.64249046336414,33.689023746748546,P8,1
815,54.0,-86.64548858453054,33.68952343345973,P8,1
816,55.0,-86.64834393742274,33.69016588754573,P8,1
817,56.0,-86.65055683622899,33.691950483328185,P8,1
818,57.0,-86.64977161386885,33.69359231173587,P8,1
819,58.0,-86.64908632957042,33.69423952503411,P8,1
820,59.0,-86.64890786990225,33.694526448337,P8,1
821,60.0,-86.64862828326864,33.694663267595786,P8,1
822,61.0,-86.64835167069297,33.69456808874634,P8,1
823,62.0,-86.64784900992385,33.69457998587768,P8,1
824,63.0,-86.6469751521815,33.694085652830665,P8,1
825,64.0,-86.64604240413358,33.693190975782954,P8,1
826,65.0,-86.64421497813869,33.69239147668537,P8,1
827,66.0,-86.64381522858992,33.69309579783288,P8,1
828,67.0,-86.64303476544205,33.69385722503097,P8,1
829,68.0,-86.64073144699863,33.69393336793064,P8,1
830,69.0,-86.64027459049994,33.695075508727825,P8,1
831,70.0,-86.64088373279799,33.696046328675145,P8,1
832,71.0,-86.64191165969532,33.69646511417375,P8,1
833,72.0,-86.64320608629178,33.696712577923165,P8,1
834,73.0,-86.64337740714159,33.697340756170995,P8,1
835,74.0,-86.64356776484043,33.69867325376771,P8,1
836,75.0,-86.64333933614141,33.700652965561964,P8,1
837,76.0,-86.6424446590937,33.70101464321129,P8,1
838,77.0,-86.64185455274539,33.702042571007894,P8,1
839,78.0,-86.64271115879292,33.70305146195545,P8,1
840,79.0,-86.64348114124165,33.70358691020777,P8,1
841,80.0,-86.64348630874609,33.70358623751491,P8,1
842,81.0,-86.64354881252761,33.70363064603754,P8,1
843,82.0,-86.64318130007689,33.70497022039939,P8,1
844,83.0,-86.64318130007689,33.70611236119657,P8,1
845,84.0,-86.64318130007689,33.707040350931486,P8,1
846,85.0,-86.64410928981188,33.70768280591682,P8,1
847,86.0,-86.64460897652297,33.70811110894056,P8,1
848,87.0,-86.64476959094385,33.70841448983691,P8,1
849,88.0,-86.6447748231995,33.70851956212812,P8,1
850,89.0,-86.64431796670078,33.70962363192513,P8,1
851,90.0,-86.64352798602772,33.70951893555048,P8,1
852,91.0,-86.64176837431097,33.70824877895802,P8,1
853,92.0,-86.64073330859526,33.70649987546892,P8,1
854,0.0,-86.68203424728267,33.683174789984605,P10,1
855,1.0,-86.68159642673369,33.68292732623519,P10,1
856,2.0,-86.68013067928742,33.68294636218491,P10,1
857,3.0,-86.67889335874146,33.682851183335515,P10,1
858,4.0,-86.67870300194193,33.68231818393707,P10,1
859,5.0,-86.67847457414223,33.68184229148864,P10,1
860,6.0,-86.67769411099438,33.681651934689114,P10,1
861,7.0,-86.67598089889934,33.68115700719017,P10,1
862,8.0,-86.6745151505537,33.68030040114263,P10,1
863,9.0,-86.67303036715771,33.67908211744582,P10,1
864,10.0,-86.67407733000476,33.678168404448336,P10,1
865,11.0,-86.67520043575148,33.67900597454616,P10,1
866,12.0,-86.67647582639826,33.67950090204505,P10,1
867,13.0,-86.67845553819252,33.68020522319256,P10,1
868,14.0,-86.67965478683891,33.67942475914538,P10,1
869,15.0,-86.67990225058838,33.678530082097666,P10,1
870,16.0,-86.68032103608692,33.677597333150466,P10,1
871,17.0,-86.68093017748566,33.67559858630574,P10,1
872,18.0,-86.68159642673369,33.674703909258085,P10,1
873,19.0,-86.68226267598169,33.6725528757147,P10,1
874,20.0,-86.681520283834,33.67280034036349,P10,1
875,21.0,-86.67834132429266,33.67245769776457,P10,1
876,22.0,-86.6775227892453,33.67194373431596,P10,1
877,23.0,-86.6775227892453,33.67144880591769,P10,1
878,24.0,-86.67805578864369,33.67144880591769,P10,1
879,25.0,-86.6785126451424,33.67125844911817,P10,1
880,26.0,-86.67973092973858,33.67142977086729,P10,1
881,27.0,-86.68108246328501,33.67142977086729,P10,1
882,28.0,-86.68262435363096,33.67133459201784,P10,1
883,29.0,-86.68283374638025,33.670896771468904,P10,1
884,30.0,-86.68321445997931,33.66910741647416,P10,1
885,31.0,-86.68334770982894,33.66766070407829,P10,1
886,32.0,-86.68319542492891,33.66703252672977,P10,1
887,33.0,-86.68279448557699,33.66573334092101,P10,1
888,34.0,-86.68267551246487,33.66520985904782,P10,1
889,35.0,-86.68311571262001,33.66505519454165,P10,1
890,36.0,-86.68309786647329,33.664692327089256,P10,1
891,37.0,-86.68400206194559,33.66387617164804,P10,1
892,38.0,-86.68617213053938,33.66389044838553,P10,1
893,39.0,-86.6872714411241,33.664347304884245,P10,1
894,40.0,-86.68695735289947,33.666745801277784,P10,1
895,41.0,-86.68695822524187,33.66725560086536,P10,1
896,42.0,-86.68693443007987,33.66744595766488,P10,1
897,43.0,-86.6852688074095,33.66858809936133,P10,1
898,44.0,-86.68562572674584,33.67006336523218,P10,1
899,45.0,-86.68755308990312,33.670943765542404,P10,1
900,46.0,-86.68748170621575,33.672133495764285,P10,1
901,47.0,-86.68810036603901,33.67613099035299,P10,1
902,48.0,-86.68779103612734,33.680104690679,P10,1
903,49.0,-86.6909634710873,33.681648488486985,P10,1
904,50.0,-86.69097987652002,33.68165176921383,P10,1
905,51.0,-86.69105457510851,33.68167409578297,P10,1
906,52.0,-86.69117423350407,33.68187405734193,P10,1
907,53.0,-86.6909672203609,33.68295909208848,P10,1
908,54.0,-86.69046106122896,33.6833288600389,P10,1
909,55.0,-86.69028402968416,33.68326794625875,P10,1
910,56.0,-86.6901602973598,33.683207031579286,P10,1
911,57.0,-86.69001115289234,33.68320417623181,P10,1
912,58.0,-86.68970420258681,33.68312922313521,P10,1
913,59.0,-86.68908078355128,33.683387989564096,P10,1
914,60.0,-86.68843832946527,33.68315004333988,P10,1
915,61.0,-86.68758172341774,33.682483794991185,P10,1
916,62.0,-86.6863563009025,33.68156770238761,P10,1
917,63.0,-86.68438134832053,33.68097283682698,P10,1
918,64.0,-86.68332248834213,33.67969982488705,P10,1
919,65.0,-86.68195429755276,33.67991397684858,P10,1
920,66.0,-86.68239449770788,33.681294063869984,P10,1
921,67.0,-86.68273000238764,33.68300727596505,P10,1
922,68.0,-86.68276331417559,33.68363545331357,P10,1
923,69.0,-86.6825301271636,33.683706837900274,P10,1
924,70.0,-86.68232073441429,33.683706837900274,P10,1
925,71.0,-86.68229218093937,33.68355931131322,P10,1
926,72.0,-86.68219700298927,33.68344033820108,P10,1
927,73.0,-86.68203424728267,33.683174789984605,P10,1
928,0.0,-86.68103174062229,33.691534582854786,P11,1
929,1.0,-86.68109717529438,33.69147509629869,P11,1
930,2.0,-86.68129050705124,33.691147920240375,P11,1
931,3.0,-86.6814987090981,33.69045787672968,P11,1
932,4.0,-86.68162065716757,33.68998198428119,P11,1
933,5.0,-86.68098375459658,33.68914639718855,P11,1
934,6.0,-86.67854123818756,33.688814461917964,P11,1
935,7.0,-86.6779701668897,33.68877163170549,P11,1
936,8.0,-86.67745620344101,33.68856461856234,P11,1
937,9.0,-86.67676092497669,33.68828027271644,P11,1
938,10.0,-86.67553312285531,33.688108951866695,P11,1
939,11.0,-86.67489542798158,33.68933675398807,P11,1
940,12.0,-86.67336305426153,33.68971746758712,P11,1
941,13.0,-86.67263969896288,33.68980431781506,P11,1
942,14.0,-86.67060525982487,33.68959016675285,P11,1
943,15.0,-86.66957019410916,33.687198808278424,P11,1
944,16.0,-86.66835666872527,33.68430776309282,P11,1
945,17.0,-86.66914189108536,33.682213837398706,P11,1
946,18.0,-86.67040300499463,33.68186881519369,P11,1
947,19.0,-86.67406737540905,33.68136912848257,P11,1
948,20.0,-86.67578058750405,33.68139292274526,P11,1
949,21.0,-86.67662529552092,33.68170225265686,P11,1
950,22.0,-86.67824332966593,33.682213837398706,P11,1
951,23.0,-86.67861809424959,33.68268645721429,P11,1
952,24.0,-86.67878227718029,33.68298270019153,P11,1
953,25.0,-86.6796674367028,33.6830969149907,P11,1
954,26.0,-86.68131640302956,33.68310048350054,P11,1
955,27.0,-86.68180538241245,33.683225405628036,P11,1
956,28.0,-86.68200882614639,33.68344312609946,P11,1
957,29.0,-86.68227223217775,33.6835775657521,P11,1
958,30.0,-86.68228175060226,33.683640383397005,P11,1
959,31.0,-86.68238930232441,33.68366417855907,P11,1
960,32.0,-86.68243974709664,33.6837336583817,P11,1
961,33.0,-86.68275359790016,33.68370510490672,P11,1
962,34.0,-86.68279071741762,33.683671316478126,P11,1
963,35.0,-86.68279071741762,33.683390540041444,P11,1
964,36.0,-86.68291206923658,33.68258390302475,P11,1
965,37.0,-86.68347362210993,33.68274570634929,P11,1
966,38.0,-86.68455151803806,33.68309548686727,P11,1
967,39.0,-86.68596015943376,33.683076450917554,P11,1
968,40.0,-86.68658833678228,33.682648147893765,P11,1
969,41.0,-86.68703567575581,33.68259104094386,P11,1
970,42.0,-86.68752128358034,33.68276652655402,P11,1
971,43.0,-86.68805071356957,33.683055036260946,P11,1
972,44.0,-86.68922557260208,33.683646926864235,P11,1
973,45.0,-86.68946946784159,33.68346846719607,P11,1
974,46.0,-86.68977284873795,33.683185906504434,P11,1
975,47.0,-86.69010373270105,33.683229768239244,P11,1
976,48.0,-86.69018952892361,33.683221422530664,P11,1
977,49.0,-86.69020387490889,33.68322848580601,P11,1
978,50.0,-86.6904739772922,33.68337158413135,P11,1
979,51.0,-86.69060175386778,33.68359696592728,P11,1
980,52.0,-86.69067432735831,33.68459634024896,P11,1
981,53.0,-86.69050776482145,33.68580986473353,P11,1
982,54.0,-86.69013894925308,33.686856827580584,P11,1
983,55.0,-86.68900870468792,33.688106045257825,P11,1
984,56.0,-86.68866368338223,33.6887128079498,P11,1
985,57.0,-86.68887783444444,33.689379056298435,P11,1
986,58.0,-86.6895083913991,33.689355262035754,P11,1
987,59.0,-86.69000807811028,33.6886533213937,P11,1
988,60.0,-86.69053155998347,33.687582563384645,P11,1
989,61.0,-86.69243512887806,33.688320196320035,P11,1
990,62.0,-86.69300619927662,33.68993822956571,P11,1
991,63.0,-86.69079330047038,33.69175851764152,P11,1
992,64.0,-86.69100507282582,33.69151581220501,P11,1
993,65.0,-86.68885404018175,33.6917823119042,P11,1
994,66.0,-86.68834007673313,33.6934193810996,P11,1
995,67.0,-86.68875886133236,33.69414273729757,P11,1
996,68.0,-86.68814971903423,33.69501837929482,P11,1
997,69.0,-86.6847353511555,33.69591591169001,P11,1
998,70.0,-86.68098415119759,33.69725123765454,P11,1
999,71.0,-86.67999667490659,33.69722744339185,P11,1
1000,72.0,-86.67875935526001,33.69679914036806,P11,1
1001,73.0,-86.6779622357685,33.696275658494876,P11,1
1002,74.0,-86.67852140903574,33.69493126286756,P11,1
1003,75.0,-86.6805320530118,33.6939318894452,P11,1
1004,76.0,-86.68155522159617,33.69284923520411,P11,1
1005,77.0,-86.68144814561536,33.691897450307124,P11,1
1006,78.0,-86.68130537824055,33.69169222141892,P11,1
1007,79.0,-86.68116855898177,33.69164760695156,P11,1
1008,80.0,-86.68107040607435,33.69160596654217,P11,1
1009,81.0,-86.68103174062229,33.691534582854786,P11,1
0,,-86.6823668444543,33.66029435719889,P23,1
1,,-86.68236707647935,33.66029530958093,P23,1
2,,-86.68227445260385,33.66019426535314,P23,1
3,,-86.6823668444543,33.66029435719889,P23,1
0,,-86.68236707647935,33.66029530958093,P23,2
1,,-86.68300970503384,33.66099635899485,P23,2
2,,-86.68238585432368,33.660372508284695,P23,2
3,,-86.68236707647935,33.66029530958093,P23,2
0,,-86.6823668444543,33.66029435719889,P23,3
1,,-86.68207234256454,33.659597796301284,P23,3
2,,-86.68200152365137,33.659446144524,P23,3
3,,-86.68190000008491,33.659349999802714,P23,3
4,,-86.68165060189375,33.65778798352869,P23,3
5,,-86.68176200361353,33.65631747866877,P23,3
6,,-86.68176200361353,33.655292580688126,P23,3
7,,-86.68216305088407,33.6543345239192,P23,3
8,,-86.6826814848626,33.65385020842041,P23,3
9,,-86.6827290742873,33.65321251264737,P23,3
10,,-86.68286847010376,33.652909532848696,P23,3
11,,-86.68291892207054,33.65291342871183,P23,3
12,,-86.682635481842,33.65258002035171,P23,3
13,,-86.68244326884172,33.65235879162498,P23,3
14,,-86.68168481570166,33.652317151215584,P23,3
15,,-86.68106912993636,33.65221305019219,P23,3
16,,-86.68116043360709,33.651883681586696,P23,3
17,,-86.68198480795246,33.651616317639025,P23,3
18,,-86.68245159746323,33.65151467805998,P23,3
19,,-86.68282993145613,33.65136953107907,P23,3
20,,-86.68293035784967,33.65115267665476,P23,3
21,,-86.68276462089051,33.65030177500694,P23,3
22,,-86.68296514452578,33.64934371823807,P23,3
23,,-86.68368142845515,33.64926953496115,P23,3
24,,-86.6839677618027,33.648519343892644,P23,3
25,,-86.68494809927535,33.648497063188984,P23,3
26,,-86.68766630555552,33.648497063188984,P23,3
27,,-86.6910306441489,33.648519343892644,P23,3
28,,-86.6936151689049,33.6485639044007,P23,3
29,,-86.69570952447492,33.648474783384586,P23,3
30,,-86.69787072215604,33.64814057732582,P23,3
31,,-86.69985367600628,33.64854162459636,P23,3
32,,-86.70056664863188,33.64898723237491,P23,3
33,,-86.70038840570032,33.650368616218714,P23,3
34,,-86.70105681691854,33.65141579400375,P23,3
35,,-86.70237135955057,33.6523070095609,P23,3
36,,-86.70444343531625,33.65228472885718,P23,3
37,,-86.70569113673656,33.65330962683788,P23,3
38,,-86.7059139410755,33.6570527310987,P23,3
39,,-86.70408694945314,33.65836727373073,P23,3
40,,-86.6994303489314,33.65925848928788,P23,3
41,,-86.69602144983003,33.661241443138124,P23,3
42,,-86.69158765364728,33.66264510768565,P23,3
43,,-86.68875804474794,33.66284563132086,P23,3
44,,-86.68653000585505,33.66268966819371,P23,3
45,,-86.68505950099512,33.662511425262096,P23,3
46,,-86.68394548199836,33.66211037889093,P23,3
47,,-86.6833439110926,33.66135284575728,P23,3
48,,-86.6823668444543,33.66029435719889,P23,3
